GAME_ID,TEAM_ID,TEAM_ABBREVIATION,TEAM_CITY,PLAYER_ID,PLAYER_NAME,NICKNAME,START_POSITION,COMMENT,MIN,FGM,FGA,FG_PCT,FG3M,FG3A,FG3_PCT,FTM,FTA,FT_PCT,OREB,DREB,REB,AST,STL,BLK,TO,PF,PTS,PLUS_MINUS
0022401222,1610612755,PHI,Philadelphia,202331,Paul George,Paul,F,,39:47,13.0,20.0,0.65,6.0,9.0,0.667,1.0,2.0,0.5,0.0,5.0,5.0,8.0,2.0,1.0,4.0,2.0,33.0,11.0
0022401222,1610612755,PHI,Philadelphia,1630231,KJ Martin,KJ,F,,21:22,1.0,2.0,0.5,0.0,1.0,0.0,0.0,0.0,0.0,0.0,2.0,2.0,0.0,1.0,0.0,2.0,5.0,2.0,1.0
0022401222,1610612755,PHI,Philadelphia,203083,Andre Drummond,Andre,C,,28:14,4.0,7.0,0.571,0.0,2.0,0.0,1.0,1.0,1.0,3.0,12.0,15.0,1.0,2.0,1.0,4.0,3.0,9.0,9.0
0022401222,1610612755,PHI,Philadelphia,1626162,Kelly Oubre Jr.,Kelly,G,,39:46,7.0,11.0,0.636,1.0,4.0,0.25,4.0,6.0,0.667,3.0,6.0,9.0,4.0,2.0,1.0,4.0,1.0,19.0,19.0
0022401222,1610612755,PHI,Philadelphia,1630178,Tyrese Maxey,Tyrese,G,,39:57,12.0,28.0,0.429,6.0,12.0,0.5,10.0,13.0,0.769,1.0,4.0,5.0,5.0,4.0,0.0,4.0,3.0,40.0,18.0
0022401222,1610612755,PHI,Philadelphia,200768,Kyle Lowry,Kyle,,,17:49,0.0,1.0,0.0,0.0,1.0,0.0,3.0,4.0,0.75,1.0,0.0,1.0,1.0,1.0,1.0,0.0,3.0,3.0,0.0
0022401222,1610612755,PHI,Philadelphia,1627824,Guerschon Yabusele,Guerschon,,,18:20,0.0,2.0,0.0,0.0,2.0,0.0,0.0,0.0,0.0,0.0,3.0,3.0,1.0,0.0,0.0,0.0,2.0,0.0,3.0
0022401222,1610612755,PHI,Philadelphia,1641741,Ricky Council IV,Ricky,,,8:36,1.0,4.0,0.25,0.0,2.0,0.0,4.0,4.0,1.0,1.0,0.0,1.0,0.0,1.0,0.0,1.0,1.0,6.0,5.0
0022401222,1610612755,PHI,Philadelphia,201569,Eric Gordon,Eric,,,26:09,3.0,5.0,0.6,3.0,5.0,0.6,0.0,0.0,0.0,0.0,1.0,1.0,1.0,1.0,0.0,1.0,0.0,9.0,-1.0
0022401222,1610612755,PHI,Philadelphia,1630288,Jeff Dowtin Jr.,Jeff,,DNP - Coach's Decision,,,,,,,,,,,,,,,,,,,,
0022401222,1610612755,PHI,Philadelphia,1642348,Justin Edwards,Justin,,DNP - Coach's Decision,,,,,,,,,,,,,,,,,,,,
0022401222,1610612755,PHI,Philadelphia,202704,Reggie Jackson,Reggie,,DNP - Coach's Decision,,,,,,,,,,,,,,,,,,,,
0022401222,1610612755,PHI,Philadelphia,1631250,Pete Nance,Pete,,DNP - Coach's Decision,,,,,,,,,,,,,,,,,,,,
0022401222,1610612766,CHA,Charlotte,1630182,Josh Green,Josh,F,,29:49,4.0,8.0,0.5,2.0,6.0,0.333,0.0,1.0,0.0,1.0,1.0,2.0,0.0,4.0,1.0,1.0,4.0,10.0,-11.0
0022401222,1610612766,CHA,Charlotte,1628970,Miles Bridges,Miles,F,,28:14,10.0,19.0,0.526,2.0,8.0,0.25,2.0,3.0,0.667,1.0,5.0,6.0,4.0,0.0,0.0,3.0,1.0,24.0,2.0
0022401222,1610612766,CHA,Charlotte,1631109,Mark Williams,Mark,C,,17:04,3.0,5.0,0.6,0.0,0.0,0.0,1.0,2.0,0.5,1.0,2.0,3.0,3.0,0.0,3.0,1.0,3.0,7.0,-11.0
0022401222,1610612766,CHA,Charlotte,1641706,Brandon Miller,Brandon,G,,31:12,4.0,9.0,0.444,2.0,7.0,0.286,2.0,3.0,0.667,0.0,4.0,4.0,4.0,0.0,1.0,2.0,2.0,12.0,-3.0
0022401222,1610612766,CHA,Charlotte,1630163,LaMelo Ball,LaMelo,G,,25:50,5.0,15.0,0.333,3.0,8.0,0.375,2.0,4.0,0.5,0.0,5.0,5.0,11.0,4.0,0.0,3.0,3.0,15.0,-10.0
0022401222,1610612766,CHA,Charlotte,203995,Vasilije Micić,Vasilije,,,16:07,0.0,3.0,0.0,0.0,1.0,0.0,0.0,0.0,0.0,0.0,1.0,1.0,5.0,0.0,0.0,3.0,1.0,0.0,-14.0
0022401222,1610612766,CHA,Charlotte,1630208,Nick Richards,Nick,,,15:14,7.0,9.0,0.778,0.0,0.0,0.0,5.0,6.0,0.833,1.0,4.0,5.0,0.0,1.0,1.0,3.0,2.0,19.0,-5.0
0022401222,1610612766,CHA,Charlotte,1628998,Cody Martin,Cody,,,28:59,4.0,7.0,0.571,2.0,5.0,0.4,0.0,0.0,0.0,1.0,4.0,5.0,2.0,2.0,1.0,1.0,5.0,10.0,-9.0
0022401222,1610612766,CHA,Charlotte,1642275,Tidjane Salaün,Tidjane,,,18:16,0.0,2.0,0.0,0.0,2.0,0.0,0.0,2.0,0.0,0.0,2.0,2.0,1.0,0.0,1.0,1.0,1.0,0.0,-9.0
0022401222,1610612766,CHA,Charlotte,1631217,Moussa Diabaté,Moussa,,,15:42,2.0,2.0,1.0,0.0,0.0,0.0,0.0,0.0,0.0,2.0,1.0,3.0,0.0,1.0,0.0,1.0,3.0,4.0,3.0
0022401222,1610612766,CHA,Charlotte,1631209,Isaiah Wong,Isaiah,,,13:33,3.0,4.0,0.75,1.0,1.0,1.0,0.0,0.0,0.0,2.0,0.0,2.0,0.0,0.0,0.0,1.0,2.0,7.0,2.0
0022401222,1610612766,CHA,Charlotte,203552,Seth Curry,Seth,,DNP - Coach's Decision,,,,,,,,,,,,,,,,,,,,
0022401222,1610612766,CHA,Charlotte,201959,Taj Gibson,Taj,,DNP - Coach's Decision,,,,,,,,,,,,,,,,,,,,
0022401222,1610612766,CHA,Charlotte,1629610,DaQuan Jeffries,DaQuan,,DNP - Coach's Decision,,,,,,,,,,,,,,,,,,,,
0022400010,1610612755,PHI,Philadelphia,202331,Paul George,Paul,F,,35:35,4.0,15.0,0.267,3.0,9.0,0.333,2.0,3.0,0.667,1.0,3.0,4.0,5.0,4.0,0.0,3.0,2.0,13.0,-11.0
0022400010,1610612755,PHI,Philadelphia,1628997,Caleb Martin,Caleb,F,,33:26,1.0,3.0,0.333,1.0,1.0,1.0,0.0,0.0,0.0,1.0,4.0,5.0,1.0,0.0,0.0,4.0,4.0,3.0,-9.0
0022400010,1610612755,PHI,Philadelphia,203954,Joel Embiid,Joel,C,,32:44,5.0,15.0,0.333,0.0,5.0,0.0,10.0,10.0,1.0,1.0,7.0,8.0,2.0,1.0,1.0,6.0,2.0,20.0,-9.0
0022400010,1610612755,PHI,Philadelphia,1642272,Jared McCain,Jared,G,,31:21,10.0,17.0,0.588,5.0,10.0,0.5,4.0,4.0,1.0,1.0,0.0,1.0,4.0,0.0,0.0,0.0,6.0,29.0,13.0
0022400010,1610612755,PHI,Philadelphia,200768,Kyle Lowry,Kyle,G,,28:28,2.0,5.0,0.4,0.0,1.0,0.0,0.0,0.0,0.0,0.0,0.0,0.0,3.0,3.0,0.0,0.0,0.0,4.0,-15.0
0022400010,1610612755,PHI,Philadelphia,1626162,Kelly Oubre Jr.,Kelly,,,25:32,2.0,4.0,0.5,1.0,2.0,0.5,0.0,0.0,0.0,1.0,3.0,4.0,0.0,1.0,0.0,1.0,4.0,5.0,-14.0
0022400010,1610612755,PHI,Philadelphia,1627824,Guerschon Yabusele,Guerschon,,,24:25,2.0,4.0,0.5,0.0,1.0,0.0,0.0,0.0,0.0,0.0,2.0,2.0,1.0,0.0,1.0,0.0,3.0,4.0,-13.0
0022400010,1610612755,PHI,Philadelphia,1630288,Jeff Dowtin Jr.,Jeff,,,5:08,0.0,0.0,0.0,0.0,0.0,0.0,1.0,2.0,0.5,0.0,1.0,1.0,1.0,0.0,0.0,0.0,1.0,1.0,-2.0
0022400010,1610612755,PHI,Philadelphia,201569,Eric Gordon,Eric,,,15:53,1.0,4.0,0.25,0.0,2.0,0.0,0.0,0.0,0.0,0.0,2.0,2.0,1.0,1.0,1.0,1.0,1.0,2.0,-5.0
0022400010,1610612755,PHI,Philadelphia,203083,Andre Drummond,Andre,,,3:49,1.0,3.0,0.333,0.0,0.0,0.0,0.0,0.0,0.0,1.0,4.0,5.0,0.0,0.0,0.0,1.0,0.0,2.0,2.0
0022400010,1610612755,PHI,Philadelphia,1630231,KJ Martin,KJ,,,1:13,1.0,1.0,1.0,0.0,0.0,0.0,1.0,2.0,0.5,0.0,0.0,0.0,0.0,0.0,0.0,0.0,0.0,3.0,1.0
0022400010,1610612755,PHI,Philadelphia,1641741,Ricky Council IV,Ricky,,,1:13,0.0,1.0,0.0,0.0,0.0,0.0,0.0,0.0,0.0,0.0,1.0,1.0,1.0,0.0,0.0,0.0,0.0,0.0,1.0
0022400010,1610612755,PHI,Philadelphia,1641737,Adem Bona,Adem,,,1:13,0.0,0.0,0.0,0.0,0.0,0.0,0.0,0.0,0.0,0.0,1.0,1.0,0.0,0.0,0.0,0.0,0.0,0.0,1.0
0022400010,1610612755,PHI,Philadelphia,202704,Reggie Jackson,Reggie,,DNP - Coach's Decision,,,,,,,,,,,,,,,,,,,,
0022400010,1610612753,ORL,Orlando,1641783,Tristan da Silva,Tristan,F,,18:24,2.0,5.0,0.4,0.0,3.0,0.0,2.0,2.0,1.0,0.0,3.0,3.0,0.0,1.0,0.0,0.0,1.0,6.0,-10.0
0022400010,1610612753,ORL,Orlando,1630532,Franz Wagner,Franz,F,,40:43,10.0,23.0,0.435,5.0,11.0,0.455,6.0,6.0,1.0,1.0,10.0,11.0,6.0,2.0,1.0,0.0,4.0,31.0,18.0
0022400010,1610612753,ORL,Orlando,1629048,Goga Bitadze,Goga,C,,26:54,1.0,1.0,1.0,0.0,0.0,0.0,0.0,0.0,0.0,1.0,3.0,4.0,1.0,1.0,2.0,5.0,2.0,2.0,-3.0
0022400010,1610612753,ORL,Orlando,203484,Kentavious Caldwell-Pope,Kentavious,G,,33:25,3.0,9.0,0.333,2.0,6.0,0.333,0.0,0.0,0.0,0.0,1.0,1.0,1.0,2.0,0.0,2.0,2.0,8.0,8.0
0022400010,1610612753,ORL,Orlando,1630591,Jalen Suggs,Jalen,G,,34:29,6.0,16.0,0.375,1.0,8.0,0.125,6.0,6.0,1.0,3.0,4.0,7.0,3.0,1.0,1.0,5.0,4.0,19.0,8.0
0022400010,1610612753,ORL,Orlando,1641710,Anthony Black,Anthony,,,19:40,2.0,6.0,0.333,0.0,1.0,0.0,0.0,0.0,0.0,0.0,1.0,1.0,1.0,1.0,0.0,2.0,1.0,4.0,5.0
0022400010,1610612753,ORL,Orlando,1628371,Jonathan Isaac,Jonathan,,,24:54,4.0,6.0,0.667,1.0,3.0,0.333,2.0,4.0,0.5,4.0,5.0,9.0,0.0,1.0,1.0,1.0,3.0,11.0,21.0
0022400010,1610612753,ORL,Orlando,203914,Gary Harris,Gary,,,13:40,0.0,1.0,0.0,0.0,0.0,0.0,0.0,0.0,0.0,1.0,0.0,1.0,0.0,1.0,0.0,0.0,1.0,0.0,8.0
0022400010,1610612753,ORL,Orlando,1629021,Moritz Wagner,Moritz,,,19:53,5.0,7.0,0.714,1.0,2.0,0.5,3.0,4.0,0.75,1.0,3.0,4.0,2.0,1.0,0.0,1.0,0.0,14.0,16.0
0022400010,1610612753,ORL,Orlando,1630175,Cole Anthony,Cole,,,4:19,0.0,2.0,0.0,0.0,1.0,0.0,0.0,0.0,0.0,0.0,0.0,0.0,0.0,0.0,0.0,1.0,1.0,0.0,-8.0
0022400010,1610612753,ORL,Orlando,1631216,Caleb Houstan,Caleb,,,1:13,0.0,1.0,0.0,0.0,1.0,0.0,0.0,0.0,0.0,0.0,1.0,1.0,0.0,0.0,0.0,0.0,0.0,0.0,-1.0
0022400010,1610612753,ORL,Orlando,1641724,Jett Howard,Jett,,,1:13,1.0,1.0,1.0,1.0,1.0,1.0,0.0,0.0,0.0,0.0,1.0,1.0,0.0,0.0,1.0,0.0,1.0,3.0,-1.0
0022400010,1610612753,ORL,Orlando,202709,Cory Joseph,Cory,,,1:13,0.0,0.0,0.0,0.0,0.0,0.0,0.0,0.0,0.0,0.0,0.0,0.0,1.0,0.0,0.0,0.0,1.0,0.0,-1.0
0022400627,1610612764,WAS,Washington,1642267,Bub Carrington,Bub,F,,22:35,3.0,5.0,0.6,0.0,2.0,0.0,0.0,0.0,0.0,0.0,5.0,5.0,4.0,1.0,1.0,1.0,0.0,6.0,-5.0
0022400627,1610612764,WAS,Washington,1641774,Tristan Vukcevic,Tristan,F,,20:58,8.0,11.0,0.727,1.0,4.0,0.25,0.0,2.0,0.0,1.0,4.0,5.0,0.0,0.0,2.0,0.0,1.0,17.0,0.0
0022400627,1610612764,WAS,Washington,1642259,Alex Sarr,Alex,C,,23:12,7.0,14.0,0.5,4.0,8.0,0.5,4.0,4.0,1.0,5.0,4.0,9.0,2.0,2.0,0.0,2.0,0.0,22.0,-7.0
0022400627,1610612764,WAS,Washington,1642358,AJ Johnson,AJ,G,,28:25,5.0,10.0,0.5,1.0,5.0,0.2,1.0,1.0,1.0,1.0,0.0,1.0,6.0,2.0,0.0,1.0,4.0,12.0,2.0
0022400627,1610612764,WAS,Washington,1629673,Jordan Poole,Jordan,G,,19:35,1.0,11.0,0.091,0.0,9.0,0.0,0.0,0.0,0.0,0.0,2.0,2.0,5.0,0.0,0.0,2.0,0.0,2.0,-1.0
0022400627,1610612764,WAS,Washington,1630550,JT Thor,JT,,,30:25,3.0,8.0,0.375,0.0,3.0,0.0,2.0,2.0,1.0,2.0,1.0,3.0,3.0,3.0,0.0,0.0,2.0,8.0,-20.0
0022400627,1610612764,WAS,Washington,1641798,Jaylen Martin,Jaylen,,,31:21,4.0,11.0,0.364,1.0,3.0,0.333,2.0,2.0,1.0,2.0,5.0,7.0,1.0,0.0,0.0,3.0,1.0,11.0,-18.0
0022400627,1610612764,WAS,Washington,1641732,Colby Jones,Colby,,,26:18,9.0,11.0,0.818,4.0,4.0,1.0,2.0,3.0,0.667,1.0,3.0,4.0,3.0,3.0,0.0,1.0,2.0,24.0,-14.0
0022400627,1610612764,WAS,Washington,1630264,Anthony Gill,Anthony,,,23:32,3.0,6.0,0.5,1.0,3.0,0.333,3.0,4.0,0.75,1.0,0.0,1.0,2.0,0.0,0.0,2.0,3.0,10.0,-6.0
0022400627,1610612764,WAS,Washington,203935,Marcus Smart,Marcus,,,13:39,0.0,6.0,0.0,0.0,4.0,0.0,0.0,0.0,0.0,0.0,0.0,0.0,4.0,1.0,1.0,1.0,0.0,0.0,-11.0
0022400627,1610612764,WAS,Washington,1630551,Justin Champagnie,Justin,,DNP - Coach's Decision,,,,,,,,,,,,,,,,,,,,
0022400627,1610612764,WAS,Washington,1626158,Richaun Holmes,Richaun,,DNP - Coach's Decision,,,,,,,,,,,,,,,,,,,,
0022400627,1610612762,UTA,Utah,1642262,Cody Williams,Cody,F,,28:16,1.0,7.0,0.143,0.0,5.0,0.0,0.0,0.0,0.0,0.0,1.0,1.0,1.0,1.0,0.0,1.0,3.0,2.0,1.0
0022400627,1610612762,UTA,Utah,1642271,Kyle Filipowski,Kyle,F,,21:26,8.0,11.0,0.727,4.0,6.0,0.667,1.0,4.0,0.25,1.0,3.0,4.0,2.0,0.0,0.0,2.0,3.0,21.0,6.0
0022400627,1610612762,UTA,Utah,1631117,Walker Kessler,Walker,C,,15:15,3.0,8.0,0.375,1.0,6.0,0.167,0.0,0.0,0.0,2.0,3.0,5.0,2.0,1.0,1.0,0.0,3.0,7.0,2.0
0022400627,1610612762,UTA,Utah,1629012,Collin Sexton,Collin,G,,19:01,7.0,8.0,0.875,2.0,2.0,1.0,2.0,4.0,0.5,1.0,2.0,3.0,5.0,0.0,0.0,3.0,2.0,18.0,14.0
0022400627,1610612762,UTA,Utah,1642268,Isaiah Collier,Isaiah,G,,27:44,7.0,10.0,0.7,2.0,3.0,0.667,0.0,0.0,0.0,1.0,2.0,3.0,6.0,4.0,0.0,1.0,1.0,16.0,6.0
0022400627,1610612762,UTA,Utah,1631131,Oscar Tshiebwe,Oscar,,,18:29,1.0,3.0,0.333,0.0,0.0,0.0,2.0,2.0,1.0,2.0,8.0,10.0,2.0,0.0,0.0,1.0,0.0,4.0,10.0
0022400627,1610612762,UTA,Utah,1630695,Micah Potter,Micah,,,15:25,0.0,1.0,0.0,0.0,1.0,0.0,0.0,0.0,0.0,1.0,2.0,3.0,1.0,1.0,0.0,1.0,1.0,0.0,4.0
0022400627,1610612762,UTA,Utah,1641718,Keyonte George,Keyonte,,,29:09,7.0,12.0,0.583,3.0,5.0,0.6,3.0,4.0,0.75,0.0,4.0,4.0,4.0,0.0,0.0,2.0,2.0,20.0,5.0
0022400627,1610612762,UTA,Utah,203903,Jordan Clarkson,Jordan,,,20:16,5.0,11.0,0.455,1.0,4.0,0.25,3.0,4.0,0.75,0.0,3.0,3.0,4.0,0.0,0.0,5.0,0.0,14.0,10.0
0022400627,1610612762,UTA,Utah,1641729,Brice Sensabaugh,Brice,,,22:42,7.0,11.0,0.636,3.0,6.0,0.5,0.0,0.0,0.0,0.0,0.0,0.0,1.0,0.0,0.0,0.0,1.0,17.0,16.0
0022400627,1610612762,UTA,Utah,1630548,Johnny Juzang,Johnny,,,22:17,4.0,7.0,0.571,1.0,4.0,0.25,0.0,0.0,0.0,1.0,5.0,6.0,2.0,0.0,0.0,0.0,0.0,9.0,6.0
0022400627,1610612762,UTA,Utah,1641989,Elijah Harkless,Elijah,,DNP - Coach's Decision,,,,,,,,,,,,,,,,,,,,
0022400300,1610612737,ATL,Atlanta,1642258,Zaccharie Risacher,Zaccharie,F,,25:04,6.0,10.0,0.6,2.0,4.0,0.5,0.0,0.0,0.0,1.0,2.0,3.0,2.0,1.0,2.0,2.0,0.0,14.0,3.0
0022400300,1610612737,ATL,Atlanta,1630552,Jalen Johnson,Jalen,F,,38:24,8.0,12.0,0.667,4.0,6.0,0.667,0.0,0.0,0.0,0.0,3.0,3.0,9.0,0.0,3.0,4.0,2.0,20.0,15.0
0022400300,1610612737,ATL,Atlanta,203991,Clint Capela,Clint,C,,19:57,2.0,6.0,0.333,0.0,0.0,0.0,0.0,0.0,0.0,4.0,10.0,14.0,1.0,1.0,2.0,0.0,1.0,4.0,1.0
0022400300,1610612737,ATL,Atlanta,1630700,Dyson Daniels,Dyson,G,,30:45,4.0,10.0,0.4,0.0,6.0,0.0,0.0,0.0,0.0,1.0,4.0,5.0,3.0,2.0,0.0,1.0,1.0,8.0,-6.0
0022400300,1610612737,ATL,Atlanta,1629027,Trae Young,Trae,G,,30:48,4.0,9.0,0.444,2.0,6.0,0.333,4.0,6.0,0.667,0.0,4.0,4.0,5.0,1.0,0.0,6.0,2.0,14.0,-4.0
0022400300,1610612737,ATL,Atlanta,1629726,Garrison Mathews,Garrison,,,13:00,1.0,3.0,0.333,1.0,3.0,0.333,1.0,3.0,0.333,0.0,1.0,1.0,0.0,1.0,0.0,3.0,2.0,4.0,-10.0
0022400300,1610612737,ATL,Atlanta,1630168,Onyeka Okongwu,Onyeka,,,28:03,5.0,10.0,0.5,0.0,2.0,0.0,6.0,6.0,1.0,6.0,5.0,11.0,2.0,1.0,0.0,2.0,3.0,16.0,2.0
0022400300,1610612737,ATL,Atlanta,1629631,De'Andre Hunter,De'Andre,,,24:36,5.0,9.0,0.556,1.0,3.0,0.333,7.0,8.0,0.875,1.0,2.0,3.0,0.0,0.0,0.0,2.0,2.0,18.0,-2.0
0022400300,1610612737,ATL,Atlanta,1641723,Kobe Bufkin,Kobe,,,17:12,3.0,9.0,0.333,0.0,3.0,0.0,3.0,4.0,0.75,0.0,2.0,2.0,4.0,1.0,0.0,0.0,0.0,9.0,7.0
0022400300,1610612737,ATL,Atlanta,1630249,Vít Krejčí,Vít,,,12:11,0.0,0.0,0.0,0.0,0.0,0.0,0.0,0.0,0.0,1.0,2.0,3.0,1.0,0.0,0.0,0.0,2.0,0.0,9.0
0022400300,1610612737,ATL,Atlanta,1626204,Larry Nance Jr.,Larry,,DNP - Coach's Decision,,,,,,,,,,,,,,,,,,,,
0022400300,1610612737,ATL,Atlanta,1631223,David Roddy,David,,DNP - Coach's Decision,,,,,,,,,,,,,,,,,,,,
0022400300,1610612766,CHA,Charlotte,1630182,Josh Green,Josh,F,,35:41,6.0,12.0,0.5,4.0,7.0,0.571,1.0,2.0,0.5,1.0,2.0,3.0,0.0,3.0,0.0,1.0,5.0,17.0,20.0
0022400300,1610612766,CHA,Charlotte,1642275,Tidjane Salaün,Tidjane,F,,22:01,0.0,8.0,0.0,0.0,5.0,0.0,0.0,0.0,0.0,0.0,1.0,1.0,1.0,2.0,0.0,1.0,1.0,0.0,-14.0
0022400300,1610612766,CHA,Charlotte,1631217,Moussa Diabaté,Moussa,C,,22:25,1.0,3.0,0.333,0.0,0.0,0.0,1.0,1.0,1.0,8.0,0.0,8.0,3.0,2.0,1.0,1.0,2.0,3.0,-5.0
0022400300,1610612766,CHA,Charlotte,1641706,Brandon Miller,Brandon,G,,38:46,10.0,30.0,0.333,7.0,19.0,0.368,5.0,5.0,1.0,3.0,5.0,8.0,4.0,1.0,2.0,3.0,3.0,32.0,-2.0
0022400300,1610612766,CHA,Charlotte,203995,Vasilije Micić,Vasilije,G,,34:06,6.0,12.0,0.5,3.0,6.0,0.5,0.0,0.0,0.0,3.0,5.0,8.0,5.0,2.0,0.0,3.0,2.0,15.0,5.0
0022400300,1610612766,CHA,Charlotte,1642354,KJ Simpson,KJ,,,14:01,2.0,7.0,0.286,2.0,6.0,0.333,2.0,2.0,1.0,1.0,1.0,2.0,1.0,1.0,0.0,2.0,3.0,8.0,-13.0
0022400300,1610612766,CHA,Charlotte,1628998,Cody Martin,Cody,,,25:32,5.0,9.0,0.556,1.0,2.0,0.5,1.0,2.0,0.5,1.0,6.0,7.0,5.0,0.0,0.0,1.0,0.0,12.0,15.0
0022400300,1610612766,CHA,Charlotte,1630208,Nick Richards,Nick,,,25:28,3.0,5.0,0.6,0.0,0.0,0.0,6.0,7.0,0.857,1.0,5.0,6.0,1.0,1.0,3.0,1.0,6.0,12.0,-1.0
0022400300,1610612766,CHA,Charlotte,1641733,Nick Smith Jr.,Nick,,,16:48,2.0,7.0,0.286,1.0,3.0,0.333,0.0,0.0,0.0,0.0,1.0,1.0,2.0,1.0,0.0,0.0,0.0,5.0,-22.0
0022400300,1610612766,CHA,Charlotte,203552,Seth Curry,Seth,,,5:12,0.0,1.0,0.0,0.0,0.0,0.0,0.0,0.0,0.0,0.0,1.0,1.0,1.0,0.0,0.0,1.0,1.0,0.0,2.0
0022400300,1610612766,CHA,Charlotte,201959,Taj Gibson,Taj,,DNP - Coach's Decision,,,,,,,,,,,,,,,,,,,,
0022400300,1610612766,CHA,Charlotte,1629610,DaQuan Jeffries,DaQuan,,DND - Injury/Illness,,,,,,,,,,,,,,,,,,,,
0022400632,1610612740,NOP,New Orleans,1630530,Trey Murphy III,Trey,F,,32:41,7.0,14.0,0.5,1.0,4.0,0.25,7.0,9.0,0.778,0.0,6.0,6.0,4.0,0.0,0.0,1.0,2.0,22.0,-19.0
0022400632,1610612740,NOP,New Orleans,1630526,Jeremiah Robinson-Earl,Jeremiah,F,,19:36,2.0,4.0,0.5,1.0,3.0,0.333,0.0,0.0,0.0,1.0,3.0,4.0,2.0,2.0,0.0,0.0,2.0,5.0,-18.0
0022400632,1610612740,NOP,New Orleans,1642274,Yves Missi,Yves,C,,29:35,4.0,5.0,0.8,0.0,0.0,0.0,2.0,3.0,0.667,2.0,3.0,5.0,3.0,0.0,2.0,1.0,0.0,10.0,-27.0
0022400632,1610612740,NOP,New Orleans,203468,CJ McCollum,CJ,G,,33:58,6.0,11.0,0.545,3.0,5.0,0.6,7.0,11.0,0.636,0.0,1.0,1.0,4.0,0.0,1.0,2.0,3.0,22.0,-10.0
0022400632,1610612740,NOP,New Orleans,1627749,Dejounte Murray,Dejounte,G,,31:11,10.0,16.0,0.625,1.0,4.0,0.25,5.0,7.0,0.714,0.0,6.0,6.0,7.0,0.0,0.0,3.0,0.0,26.0,-14.0
0022400632,1610612740,NOP,New Orleans,1629750,Javonte Green,Javonte,,,22:08,3.0,6.0,0.5,2.0,5.0,0.4,0.0,0.0,0.0,3.0,2.0,5.0,1.0,0.0,0.0,2.0,2.0,8.0,12.0
0022400632,1610612740,NOP,New Orleans,1641722,Jordan Hawkins,Jordan,,,31:36,8.0,18.0,0.444,4.0,10.0,0.4,0.0,0.0,0.0,0.0,2.0,2.0,1.0,2.0,0.0,1.0,0.0,20.0,-6.0
0022400632,1610612740,NOP,New Orleans,1628464,Daniel Theis,Daniel,,,15:46,2.0,3.0,0.667,0.0,0.0,0.0,0.0,0.0,0.0,2.0,2.0,4.0,2.0,1.0,0.0,0.0,0.0,4.0,10.0
0022400632,1610612740,NOP,New Orleans,1630631,Jose Alvarado,Jose,,,18:11,3.0,6.0,0.5,2.0,3.0,0.667,1.0,2.0,0.5,0.0,1.0,1.0,6.0,1.0,0.0,2.0,1.0,9.0,-1.0
0022400632,1610612740,NOP,New Orleans,1631255,Karlo Matković,Karlo,,,2:39,0.0,0.0,0.0,0.0,0.0,0.0,0.0,0.0,0.0,0.0,1.0,1.0,0.0,0.0,0.0,0.0,0.0,0.0,4.0
0022400632,1610612740,NOP,New Orleans,1631288,Jamal Cain,Jamal,,,2:39,0.0,0.0,0.0,0.0,0.0,0.0,0.0,0.0,0.0,0.0,0.0,0.0,0.0,0.0,0.0,0.0,0.0,0.0,4.0
0022400632,1610612740,NOP,New Orleans,1630529,Herbert Jones,Herbert,,DND - Injury/Illness,,,,,,,,,,,,,,,,,,,,
0022400632,1610612763,MEM,Memphis,1642377,Jaylen Wells,Jaylen,F,,29:38,3.0,7.0,0.429,2.0,4.0,0.5,0.0,0.0,0.0,0.0,0.0,0.0,5.0,2.0,0.0,0.0,2.0,8.0,23.0
0022400632,1610612763,MEM,Memphis,1628991,Jaren Jackson Jr.,Jaren,F,,32:25,10.0,16.0,0.625,5.0,9.0,0.556,4.0,4.0,1.0,1.0,4.0,5.0,7.0,0.0,1.0,2.0,3.0,29.0,12.0
0022400632,1610612763,MEM,Memphis,1641744,Zach Edey,Zach,C,,23:38,6.0,9.0,0.667,1.0,3.0,0.333,0.0,0.0,0.0,2.0,9.0,11.0,3.0,1.0,2.0,0.0,3.0,13.0,24.0
0022400632,1610612763,MEM,Memphis,1630217,Desmond Bane,Desmond,G,,33:55,9.0,18.0,0.5,2.0,7.0,0.286,0.0,0.0,0.0,0.0,0.0,0.0,14.0,0.0,0.0,2.0,1.0,20.0,23.0
0022400632,1610612763,MEM,Memphis,1628379,Luke Kennard,Luke,G,,26:38,10.0,14.0,0.714,7.0,9.0,0.778,0.0,0.0,0.0,1.0,2.0,3.0,6.0,1.0,0.0,1.0,0.0,27.0,13.0
0022400632,1610612763,MEM,Memphis,1641713,GG Jackson,GG,,,22:01,4.0,12.0,0.333,1.0,4.0,0.25,1.0,1.0,1.0,2.0,5.0,7.0,0.0,0.0,0.0,2.0,0.0,10.0,-11.0
0022400632,1610612763,MEM,Memphis,1630590,Scotty Pippen Jr.,Scotty,,,25:12,5.0,11.0,0.455,0.0,3.0,0.0,3.0,3.0,1.0,2.0,1.0,3.0,3.0,2.0,0.0,3.0,4.0,13.0,-7.0
0022400632,1610612763,MEM,Memphis,1629634,Brandon Clarke,Brandon,,,21:17,7.0,10.0,0.7,0.0,0.0,0.0,0.0,0.0,0.0,7.0,2.0,9.0,0.0,2.0,0.0,1.0,5.0,14.0,-9.0
0022400632,1610612763,MEM,Memphis,1629723,John Konchar,John,,,22:11,2.0,3.0,0.667,1.0,2.0,0.5,0.0,0.0,0.0,1.0,3.0,4.0,0.0,0.0,0.0,0.0,1.0,5.0,-1.0
0022400632,1610612763,MEM,Memphis,1630643,Jay Huff,Jay,,,3:05,0.0,1.0,0.0,0.0,1.0,0.0,0.0,0.0,0.0,0.0,1.0,1.0,0.0,0.0,1.0,1.0,0.0,0.0,-2.0
0022400632,1610612763,MEM,Memphis,1631222,Jake LaRavia,Jake,,DND - Injury/Illness,,,,,,,,,,,,,,,,,,,,
0022400632,1610612763,MEM,Memphis,1631246,Vince Williams Jr.,Vince,,DND - Injury/Illness,,,,,,,,,,,,,,,,,,,,
0022401017,1610612766,CHA,Charlotte,1629610,DaQuan Jeffries,DaQuan,F,,23:30,3.0,10.0,0.3,3.0,6.0,0.5,2.0,2.0,1.0,0.0,0.0,0.0,1.0,0.0,1.0,1.0,1.0,11.0,-10.0
0022401017,1610612766,CHA,Charlotte,1628970,Miles Bridges,Miles,F,,25:47,5.0,12.0,0.417,4.0,10.0,0.4,6.0,6.0,1.0,0.0,3.0,3.0,4.0,1.0,1.0,1.0,2.0,20.0,-18.0
0022401017,1610612766,CHA,Charlotte,203994,Jusuf Nurkić,Jusuf,C,,23:59,2.0,5.0,0.4,1.0,2.0,0.5,1.0,1.0,1.0,1.0,8.0,9.0,5.0,1.0,1.0,0.0,3.0,6.0,-6.0
0022401017,1610612766,CHA,Charlotte,1630182,Josh Green,Josh,G,,24:44,5.0,10.0,0.5,2.0,5.0,0.4,0.0,0.0,0.0,0.0,1.0,1.0,2.0,1.0,0.0,3.0,1.0,12.0,-16.0
0022401017,1610612766,CHA,Charlotte,1642354,KJ Simpson,KJ,G,,32:44,2.0,4.0,0.5,2.0,3.0,0.667,4.0,4.0,1.0,0.0,1.0,1.0,8.0,1.0,0.0,2.0,1.0,10.0,-20.0
0022401017,1610612766,CHA,Charlotte,1631111,Wendell Moore Jr.,Wendell,,,27:00,2.0,6.0,0.333,2.0,3.0,0.667,0.0,0.0,0.0,1.0,4.0,5.0,1.0,1.0,1.0,2.0,2.0,6.0,-20.0
0022401017,1610612766,CHA,Charlotte,1631217,Moussa Diabaté,Moussa,,,21:55,6.0,8.0,0.75,0.0,0.0,0.0,0.0,0.0,0.0,3.0,4.0,7.0,3.0,1.0,0.0,2.0,0.0,12.0,-26.0
0022401017,1610612766,CHA,Charlotte,1641733,Nick Smith Jr.,Nick,,,26:27,5.0,14.0,0.357,4.0,9.0,0.444,0.0,0.0,0.0,0.0,0.0,0.0,3.0,0.0,0.0,4.0,1.0,14.0,-23.0
0022401017,1610612766,CHA,Charlotte,203552,Seth Curry,Seth,,,22:01,5.0,8.0,0.625,1.0,3.0,0.333,0.0,0.0,0.0,0.0,0.0,0.0,2.0,0.0,0.0,1.0,1.0,11.0,-20.0
0022401017,1610612766,CHA,Charlotte,201959,Taj Gibson,Taj,,,11:53,2.0,3.0,0.667,0.0,0.0,0.0,0.0,0.0,0.0,1.0,2.0,3.0,0.0,0.0,0.0,0.0,1.0,4.0,-16.0
0022401017,1610612766,CHA,Charlotte,1629684,Grant Williams,Grant,,DND - Injury/Illness,,,,,,,,,,,,,,,,,,,,
0022401017,1610612760,OKC,Oklahoma City,1630598,Aaron Wiggins,Aaron,F,,26:45,4.0,9.0,0.444,3.0,6.0,0.5,0.0,0.0,0.0,0.0,2.0,2.0,1.0,3.0,0.0,0.0,0.0,11.0,31.0
0022401017,1610612760,OKC,Oklahoma City,1631096,Chet Holmgren,Chet,F,,27:38,6.0,12.0,0.5,1.0,2.0,0.5,1.0,4.0,0.25,1.0,4.0,5.0,1.0,1.0,3.0,1.0,0.0,14.0,12.0
0022401017,1610612760,OKC,Oklahoma City,1628392,Isaiah Hartenstein,Isaiah,C,,24:42,6.0,13.0,0.462,0.0,1.0,0.0,0.0,1.0,0.0,5.0,5.0,10.0,4.0,0.0,1.0,1.0,2.0,12.0,14.0
0022401017,1610612760,OKC,Oklahoma City,1641717,Cason Wallace,Cason,G,,26:00,5.0,8.0,0.625,1.0,3.0,0.333,0.0,0.0,0.0,2.0,1.0,3.0,5.0,2.0,1.0,1.0,1.0,11.0,11.0
0022401017,1610612760,OKC,Oklahoma City,1628983,Shai Gilgeous-Alexander,Shai,G,,29:36,13.0,18.0,0.722,2.0,2.0,1.0,2.0,2.0,1.0,0.0,6.0,6.0,9.0,1.0,0.0,1.0,2.0,30.0,31.0
0022401017,1610612760,OKC,Oklahoma City,1631119,Jaylin Williams,Jaylin,,,23:18,4.0,7.0,0.571,3.0,5.0,0.6,3.0,4.0,0.75,0.0,5.0,5.0,4.0,0.0,0.0,0.0,2.0,14.0,21.0
0022401017,1610612760,OKC,Oklahoma City,1629026,Kenrich Williams,Kenrich,,,17:28,3.0,4.0,0.75,3.0,4.0,0.75,2.0,2.0,1.0,0.0,1.0,1.0,0.0,0.0,0.0,0.0,1.0,11.0,16.0
0022401017,1610612760,OKC,Oklahoma City,1627936,Alex Caruso,Alex,,,14:51,2.0,3.0,0.667,1.0,1.0,1.0,4.0,4.0,1.0,0.0,3.0,3.0,0.0,1.0,1.0,0.0,1.0,9.0,8.0
0022401017,1610612760,OKC,Oklahoma City,1630198,Isaiah Joe,Isaiah,,,20:37,5.0,10.0,0.5,4.0,9.0,0.444,0.0,0.0,0.0,1.0,1.0,2.0,0.0,0.0,0.0,2.0,4.0,14.0,6.0
0022401017,1610612760,OKC,Oklahoma City,1641794,Dillon Jones,Dillon,,,8:50,2.0,4.0,0.5,0.0,1.0,0.0,0.0,0.0,0.0,0.0,3.0,3.0,1.0,0.0,0.0,0.0,0.0,4.0,7.0
0022401017,1610612760,OKC,Oklahoma City,1641745,Adam Flagler,Adam,,,7:19,2.0,3.0,0.667,1.0,2.0,0.5,0.0,0.0,0.0,1.0,1.0,2.0,4.0,0.0,0.0,0.0,0.0,5.0,5.0
0022401017,1610612760,OKC,Oklahoma City,1642382,Branden Carlson,Branden,,,6:45,1.0,2.0,0.5,1.0,2.0,0.5,0.0,0.0,0.0,0.0,1.0,1.0,0.0,0.0,1.0,0.0,0.0,3.0,9.0
0022401017,1610612760,OKC,Oklahoma City,1642505,Alex Ducas,Alex,,,6:11,1.0,1.0,1.0,1.0,1.0,1.0,0.0,0.0,0.0,0.0,0.0,0.0,0.0,2.0,0.0,1.0,0.0,3.0,4.0
0022400388,1610612745,HOU,Houston,1628415,Dillon Brooks,Dillon,F,,36:60,6.0,12.0,0.5,2.0,7.0,0.286,13.0,14.0,0.929,2.0,4.0,6.0,2.0,3.0,0.0,6.0,4.0,27.0,-7.0
0022400388,1610612745,HOU,Houston,1631095,Jabari Smith Jr.,Jabari,F,,37:03,4.0,9.0,0.444,1.0,3.0,0.333,6.0,6.0,1.0,3.0,6.0,9.0,0.0,1.0,4.0,3.0,2.0,15.0,10.0
0022400388,1610612745,HOU,Houston,1630578,Alperen Sengun,Alperen,C,,32:39,7.0,14.0,0.5,0.0,2.0,0.0,3.0,5.0,0.6,3.0,7.0,10.0,5.0,3.0,2.0,5.0,2.0,17.0,4.0
0022400388,1610612745,HOU,Houston,1630224,Jalen Green,Jalen,G,,33:35,9.0,20.0,0.45,2.0,8.0,0.25,2.0,3.0,0.667,1.0,6.0,7.0,2.0,0.0,0.0,2.0,0.0,22.0,-3.0
0022400388,1610612745,HOU,Houston,1627832,Fred VanVleet,Fred,G,,37:30,1.0,10.0,0.1,0.0,5.0,0.0,0.0,0.0,0.0,2.0,6.0,8.0,5.0,2.0,0.0,1.0,2.0,2.0,-5.0
0022400388,1610612745,HOU,Houston,1629111,Jock Landale,Jock,,,3:22,0.0,0.0,0.0,0.0,0.0,0.0,0.0,0.0,0.0,0.0,0.0,0.0,0.0,0.0,0.0,0.0,0.0,0.0,-10.0
0022400388,1610612745,HOU,Houston,1641708,Amen Thompson,Amen,,,23:07,4.0,7.0,0.571,0.0,0.0,0.0,2.0,3.0,0.667,3.0,2.0,5.0,2.0,0.0,0.0,2.0,1.0,10.0,7.0
0022400388,1610612745,HOU,Houston,1641715,Cam Whitmore,Cam,,,14:20,5.0,10.0,0.5,1.0,2.0,0.5,0.0,0.0,0.0,2.0,2.0,4.0,1.0,1.0,0.0,1.0,0.0,11.0,13.0
0022400388,1610612745,HOU,Houston,1642263,Reed Sheppard,Reed,,,6:12,1.0,1.0,1.0,1.0,1.0,1.0,0.0,0.0,0.0,0.0,2.0,2.0,0.0,0.0,0.0,1.0,0.0,3.0,-3.0
0022400388,1610612745,HOU,Houston,1630256,Jae'Sean Tate,Jae'Sean,,,15:12,3.0,6.0,0.5,0.0,0.0,0.0,1.0,2.0,0.5,2.0,0.0,2.0,1.0,2.0,0.0,0.0,3.0,7.0,14.0
0022400388,1610612745,HOU,Houston,203500,Steven Adams,Steven,,DNP - Coach's Decision,,,,,,,,,,,,,,,,,,,,
0022400388,1610612745,HOU,Houston,201145,Jeff Green,Jeff,,DNP - Coach's Decision,,,,,,,,,,,,,,,,,,,,
0022400388,1610612745,HOU,Houston,1628988,Aaron Holiday,Aaron,,DNP - Coach's Decision,,,,,,,,,,,,,,,,,,,,
0022400388,1610612745,HOU,Houston,1629098,Jack McVeigh,Jack,,DNP - Coach's Decision,,,,,,,,,,,,,,,,,,,,
0022400388,1610612761,TOR,Toronto,1642266,Ja'Kobe Walter,Ja'Kobe,F,,27:52,9.0,18.0,0.5,6.0,11.0,0.545,3.0,4.0,0.75,2.0,0.0,2.0,3.0,0.0,0.0,1.0,6.0,27.0,-14.0
0022400388,1610612761,TOR,Toronto,1630534,Ochai Agbaji,Ochai,F,,32:07,7.0,14.0,0.5,1.0,3.0,0.333,0.0,0.0,0.0,1.0,4.0,5.0,1.0,1.0,0.0,1.0,0.0,15.0,6.0
0022400388,1610612761,TOR,Toronto,1642367,Jonathan Mogbo,Jonathan,C,,16:09,1.0,3.0,0.333,0.0,1.0,0.0,1.0,1.0,1.0,0.0,3.0,3.0,1.0,0.0,1.0,0.0,3.0,3.0,-6.0
0022400388,1610612761,TOR,Toronto,1641711,Gradey Dick,Gradey,G,,31:20,5.0,9.0,0.556,2.0,3.0,0.667,2.0,3.0,0.667,1.0,1.0,2.0,6.0,1.0,0.0,3.0,3.0,14.0,7.0
0022400388,1610612761,TOR,Toronto,1630567,Scottie Barnes,Scottie,G,,38:53,2.0,15.0,0.133,0.0,8.0,0.0,2.0,4.0,0.5,3.0,7.0,10.0,4.0,3.0,0.0,2.0,3.0,6.0,-8.0
0022400388,1610612761,TOR,Toronto,203482,Kelly Olynyk,Kelly,,,24:56,3.0,8.0,0.375,2.0,4.0,0.5,0.0,0.0,0.0,2.0,7.0,9.0,4.0,2.0,1.0,5.0,5.0,8.0,-2.0
0022400388,1610612761,TOR,Toronto,1628449,Chris Boucher,Chris,,,19:12,6.0,11.0,0.545,2.0,5.0,0.4,1.0,1.0,1.0,1.0,0.0,1.0,4.0,1.0,0.0,4.0,2.0,15.0,0.0
0022400388,1610612761,TOR,Toronto,1642347,Jamal Shead,Jamal,,,32:56,5.0,7.0,0.714,1.0,3.0,0.333,0.0,0.0,0.0,0.0,6.0,6.0,10.0,2.0,1.0,3.0,2.0,11.0,1.0
0022400388,1610612761,TOR,Toronto,1642419,Jamison Battle,Jamison,,,16:35,4.0,7.0,0.571,3.0,5.0,0.6,0.0,0.0,0.0,1.0,3.0,4.0,0.0,0.0,0.0,2.0,1.0,11.0,-4.0
0022400388,1610612761,TOR,Toronto,1629628,RJ Barrett,RJ,,NWT - Injury/Illness,,,,,,,,,,,,,,,,,,,,
0022400388,1610612761,TOR,Toronto,1642279,Ulrich Chomche,Ulrich,,DNP - Coach's Decision,,,,,,,,,,,,,,,,,,,,
0022400388,1610612761,TOR,Toronto,1628981,Bruno Fernando,Bruno,,DNP - Coach's Decision,,,,,,,,,,,,,,,,,,,,
0022400388,1610612761,TOR,Toronto,1630639,A.J. Lawson,A.J.,,DNP - Coach's Decision,,,,,,,,,,,,,,,,,,,,
0022400388,1610612761,TOR,Toronto,1630558,Davion Mitchell,Davion,,DNP - Coach's Decision,,,,,,,,,,,,,,,,,,,,
0022400388,1610612761,TOR,Toronto,202066,Garrett Temple,Garrett,,DNP - Coach's Decision,,,,,,,,,,,,,,,,,,,,
0022400463,1610612754,IND,Indiana,1631097,Bennedict Mathurin,Bennedict,F,,29:38,5.0,12.0,0.417,1.0,5.0,0.2,1.0,1.0,1.0,1.0,1.0,2.0,1.0,0.0,0.0,3.0,1.0,12.0,15.0
0022400463,1610612754,IND,Indiana,1627783,Pascal Siakam,Pascal,F,,31:54,8.0,13.0,0.615,1.0,2.0,0.5,1.0,4.0,0.25,4.0,7.0,11.0,4.0,0.0,0.0,0.0,1.0,18.0,13.0
0022400463,1610612754,IND,Indiana,1626167,Myles Turner,Myles,C,,34:38,8.0,15.0,0.533,2.0,5.0,0.4,3.0,4.0,0.75,1.0,4.0,5.0,2.0,1.0,2.0,0.0,3.0,21.0,14.0
0022400463,1610612754,IND,Indiana,1629614,Andrew Nembhard,Andrew,G,,29:07,3.0,7.0,0.429,0.0,2.0,0.0,0.0,0.0,0.0,3.0,3.0,6.0,6.0,1.0,0.0,0.0,1.0,6.0,10.0
0022400463,1610612754,IND,Indiana,1630169,Tyrese Haliburton,Tyrese,G,,34:40,13.0,21.0,0.619,6.0,13.0,0.462,1.0,3.0,0.333,1.0,4.0,5.0,15.0,2.0,1.0,0.0,1.0,33.0,26.0
0022400463,1610612754,IND,Indiana,1630167,Obi Toppin,Obi,,,20:19,5.0,9.0,0.556,2.0,4.0,0.5,0.0,0.0,0.0,1.0,5.0,6.0,0.0,0.0,0.0,1.0,1.0,12.0,2.0
0022400463,1610612754,IND,Indiana,1628418,Thomas Bryant,Thomas,,,7:07,1.0,3.0,0.333,1.0,3.0,0.333,0.0,0.0,0.0,0.0,0.0,0.0,1.0,0.0,0.0,0.0,1.0,3.0,1.0
0022400463,1610612754,IND,Indiana,204456,T.J. McConnell,T.J.,,,18:53,4.0,7.0,0.571,0.0,0.0,0.0,0.0,0.0,0.0,0.0,1.0,1.0,4.0,1.0,0.0,2.0,2.0,8.0,3.0
0022400463,1610612754,IND,Indiana,1641767,Ben Sheppard,Ben,,,19:53,1.0,3.0,0.333,1.0,3.0,0.333,0.0,0.0,0.0,2.0,0.0,2.0,1.0,3.0,1.0,0.0,2.0,3.0,-4.0
0022400463,1610612754,IND,Indiana,1641716,Jarace Walker,Jarace,,,13:20,3.0,6.0,0.5,3.0,3.0,1.0,3.0,4.0,0.75,0.0,1.0,1.0,1.0,1.0,0.0,0.0,2.0,12.0,-13.0
0022400463,1610612754,IND,Indiana,1642277,Johnny Furphy,Johnny,,,0:31,0.0,0.0,0.0,0.0,0.0,0.0,0.0,0.0,0.0,0.0,0.0,0.0,0.0,0.0,0.0,0.0,1.0,0.0,-2.0
0022400463,1610612754,IND,Indiana,201949,James Johnson,James,,DNP - Coach's Decision,,,,,,,,,,,,,,,,,,,,
0022400463,1610612754,IND,Indiana,1630174,Aaron Nesmith,Aaron,,DND - Injury/Illness,,,,,,,,,,,,,,,,,,,,
0022400463,1610612748,MIA,Miami,202710,Jimmy Butler III,Jimmy,F,,26:31,3.0,6.0,0.5,1.0,2.0,0.5,2.0,2.0,1.0,0.0,2.0,2.0,4.0,2.0,0.0,1.0,0.0,9.0,-27.0
0022400463,1610612748,MIA,Miami,1629312,Haywood Highsmith,Haywood,F,,18:05,3.0,4.0,0.75,0.0,1.0,0.0,0.0,0.0,0.0,1.0,3.0,4.0,2.0,0.0,0.0,1.0,3.0,6.0,-15.0
0022400463,1610612748,MIA,Miami,1628389,Bam Adebayo,Bam,C,,25:09,8.0,12.0,0.667,0.0,1.0,0.0,4.0,6.0,0.667,3.0,5.0,8.0,2.0,1.0,0.0,1.0,0.0,20.0,-13.0
0022400463,1610612748,MIA,Miami,1629130,Duncan Robinson,Duncan,G,,18:09,2.0,5.0,0.4,2.0,4.0,0.5,0.0,0.0,0.0,0.0,1.0,1.0,4.0,0.0,0.0,1.0,0.0,6.0,-16.0
0022400463,1610612748,MIA,Miami,1629639,Tyler Herro,Tyler,G,,35:45,6.0,12.0,0.5,3.0,7.0,0.429,2.0,2.0,1.0,0.0,3.0,3.0,3.0,0.0,0.0,3.0,2.0,17.0,-4.0
0022400463,1610612748,MIA,Miami,1626179,Terry Rozier,Terry,,,29:40,6.0,12.0,0.5,0.0,3.0,0.0,4.0,4.0,1.0,0.0,5.0,5.0,7.0,0.0,0.0,3.0,3.0,16.0,-3.0
0022400463,1610612748,MIA,Miami,1642276,Kel'el Ware,Kel'el,,,21:27,9.0,11.0,0.818,3.0,4.0,0.75,4.0,5.0,0.8,0.0,0.0,0.0,1.0,1.0,3.0,1.0,2.0,25.0,4.0
0022400463,1610612748,MIA,Miami,1631107,Nikola Jović,Nikola,,,25:06,3.0,7.0,0.429,0.0,2.0,0.0,2.0,2.0,1.0,0.0,2.0,2.0,5.0,1.0,0.0,1.0,1.0,8.0,-11.0
0022400463,1610612748,MIA,Miami,1631170,Jaime Jaquez Jr.,Jaime,,,15:14,0.0,3.0,0.0,0.0,0.0,0.0,0.0,0.0,0.0,1.0,3.0,4.0,5.0,1.0,0.0,0.0,1.0,0.0,6.0
0022400463,1610612748,MIA,Miami,202692,Alec Burks,Alec,,,8:50,1.0,1.0,1.0,1.0,1.0,1.0,0.0,0.0,0.0,0.0,2.0,2.0,0.0,0.0,0.0,0.0,0.0,3.0,-5.0
0022400463,1610612748,MIA,Miami,1642352,Keshad Johnson,Keshad,,,12:00,2.0,2.0,1.0,1.0,1.0,1.0,0.0,0.0,0.0,0.0,6.0,6.0,1.0,0.0,3.0,1.0,1.0,5.0,11.0
0022400463,1610612748,MIA,Miami,1630528,Josh Christopher,Josh,,,2:02,0.0,0.0,0.0,0.0,0.0,0.0,0.0,0.0,0.0,0.0,2.0,2.0,0.0,0.0,0.0,1.0,0.0,0.0,4.0
0022400463,1610612748,MIA,Miami,1641796,Pelle Larsson,Pelle,,,2:02,0.0,0.0,0.0,0.0,0.0,0.0,0.0,0.0,0.0,0.0,0.0,0.0,0.0,0.0,0.0,0.0,0.0,0.0,4.0
0022400463,1610612748,MIA,Miami,201567,Kevin Love,Kevin,,DNP - Coach's Decision,,,,,,,,,,,,,,,,,,,,
0022401001,1610612740,NOP,New Orleans,1629627,Zion Williamson,Zion,F,,30:16,12.0,16.0,0.75,0.0,0.0,0.0,5.0,9.0,0.556,0.0,5.0,5.0,8.0,3.0,0.0,3.0,5.0,29.0,9.0
0022401001,1610612740,NOP,New Orleans,203482,Kelly Olynyk,Kelly,F,,29:53,6.0,8.0,0.75,1.0,1.0,1.0,0.0,0.0,0.0,2.0,2.0,4.0,0.0,1.0,1.0,2.0,4.0,13.0,-5.0
0022401001,1610612740,NOP,New Orleans,1642274,Yves Missi,Yves,C,,26:05,6.0,12.0,0.5,0.0,0.0,0.0,1.0,4.0,0.25,3.0,4.0,7.0,2.0,0.0,3.0,0.0,1.0,13.0,-8.0
0022401001,1610612740,NOP,New Orleans,203468,CJ McCollum,CJ,G,,32:27,7.0,18.0,0.389,3.0,9.0,0.333,1.0,2.0,0.5,1.0,5.0,6.0,3.0,0.0,0.0,2.0,3.0,18.0,-1.0
0022401001,1610612740,NOP,New Orleans,1630631,Jose Alvarado,Jose,G,,25:42,3.0,5.0,0.6,2.0,4.0,0.5,0.0,0.0,0.0,0.0,3.0,3.0,6.0,0.0,0.0,2.0,0.0,8.0,2.0
0022401001,1610612740,NOP,New Orleans,1628971,Bruce Brown,Bruce,,,31:06,5.0,11.0,0.455,4.0,7.0,0.571,1.0,2.0,0.5,3.0,4.0,7.0,6.0,0.0,0.0,1.0,4.0,15.0,9.0
0022401001,1610612740,NOP,New Orleans,1631255,Karlo Matković,Karlo,,,19:15,2.0,4.0,0.5,0.0,1.0,0.0,1.0,1.0,1.0,0.0,1.0,1.0,2.0,0.0,1.0,1.0,2.0,5.0,7.0
0022401001,1610612740,NOP,New Orleans,1641722,Jordan Hawkins,Jordan,,,22:51,4.0,10.0,0.4,2.0,6.0,0.333,3.0,4.0,0.75,0.0,6.0,6.0,1.0,1.0,1.0,1.0,4.0,13.0,4.0
0022401001,1610612740,NOP,New Orleans,1630526,Jeremiah Robinson-Earl,Jeremiah,,,22:25,2.0,5.0,0.4,1.0,1.0,1.0,0.0,0.0,0.0,2.0,5.0,7.0,0.0,0.0,0.0,1.0,2.0,5.0,3.0
0022401001,1610612740,NOP,New Orleans,1628964,Mo Bamba,Mo,,DNP - Coach's Decision,,,,,,,,,,,,,,,,,,,,
0022401001,1610612740,NOP,New Orleans,1631232,Keion Brooks Jr.,Keion,,DNP - Coach's Decision,,,,,,,,,,,,,,,,,,,,
0022401001,1610612740,NOP,New Orleans,1641810,Antonio Reeves,Antonio,,DNP - Coach's Decision,,,,,,,,,,,,,,,,,,,,
0022401001,1610612750,MIN,Minnesota,1630183,Jaden McDaniels,Jaden,F,,24:09,2.0,4.0,0.5,1.0,2.0,0.5,0.0,0.0,0.0,0.0,0.0,0.0,4.0,0.0,2.0,0.0,4.0,5.0,-13.0
0022401001,1610612750,MIN,Minnesota,203944,Julius Randle,Julius,F,,27:33,7.0,10.0,0.7,2.0,4.0,0.5,1.0,2.0,0.5,0.0,3.0,3.0,3.0,0.0,1.0,6.0,2.0,17.0,-20.0
0022401001,1610612750,MIN,Minnesota,203497,Rudy Gobert,Rudy,C,,31:08,3.0,4.0,0.75,0.0,0.0,0.0,4.0,6.0,0.667,2.0,7.0,9.0,1.0,0.0,1.0,0.0,4.0,10.0,4.0
0022401001,1610612750,MIN,Minnesota,1630162,Anthony Edwards,Anthony,G,,37:43,5.0,19.0,0.263,4.0,10.0,0.4,15.0,17.0,0.882,2.0,4.0,6.0,4.0,1.0,1.0,2.0,0.0,29.0,-6.0
0022401001,1610612750,MIN,Minnesota,201144,Mike Conley,Mike,G,,28:20,6.0,8.0,0.75,4.0,6.0,0.667,0.0,0.0,0.0,0.0,2.0,2.0,2.0,1.0,0.0,1.0,1.0,16.0,5.0
0022401001,1610612750,MIN,Minnesota,1629675,Naz Reid,Naz,,,33:34,3.0,11.0,0.273,2.0,7.0,0.286,1.0,2.0,0.5,2.0,5.0,7.0,4.0,1.0,1.0,1.0,1.0,9.0,6.0
0022401001,1610612750,MIN,Minnesota,1628978,Donte DiVincenzo,Donte,,,23:34,4.0,9.0,0.444,2.0,5.0,0.4,1.0,2.0,0.5,1.0,6.0,7.0,1.0,1.0,0.0,2.0,2.0,11.0,-5.0
0022401001,1610612750,MIN,Minnesota,1629638,Nickeil Alexander-Walker,Nickeil,,,21:09,1.0,7.0,0.143,0.0,3.0,0.0,7.0,7.0,1.0,2.0,2.0,4.0,2.0,2.0,0.0,2.0,3.0,9.0,-1.0
0022401001,1610612750,MIN,Minnesota,1641740,Jaylen Clark,Jaylen,,,11:46,4.0,5.0,0.8,1.0,2.0,0.5,0.0,0.0,0.0,0.0,2.0,2.0,0.0,1.0,0.0,0.0,2.0,9.0,12.0
0022401001,1610612750,MIN,Minnesota,1630545,Terrence Shannon Jr.,Terrence,,,1:04,0.0,0.0,0.0,0.0,0.0,0.0,0.0,0.0,0.0,0.0,0.0,0.0,0.0,0.0,0.0,0.0,0.0,0.0,-2.0
0022401001,1610612750,MIN,Minnesota,1642265,Rob Dillingham,Rob,,DNP - Coach's Decision,,,,,,,,,,,,,,,,,,,,
0022401001,1610612750,MIN,Minnesota,1630568,Luka Garza,Luka,,DNP - Coach's Decision,,,,,,,,,,,,,,,,,,,,
0022401001,1610612750,MIN,Minnesota,1630538,Bones Hyland,Bones,,DNP - Coach's Decision,,,,,,,,,,,,,,,,,,,,
0022401001,1610612750,MIN,Minnesota,204060,Joe Ingles,Joe,,DNP - Coach's Decision,,,,,,,,,,,,,,,,,,,,
0022401001,1610612750,MIN,Minnesota,1631169,Josh Minott,Josh,,DNP - Coach's Decision,,,,,,,,,,,,,,,,,,,,
0022400979,1610612753,ORL,Orlando,1630532,Franz Wagner,Franz,F,,35:47,8.0,19.0,0.421,1.0,6.0,0.167,5.0,6.0,0.833,3.0,5.0,8.0,2.0,1.0,0.0,7.0,3.0,22.0,-1.0
0022400979,1610612753,ORL,Orlando,1631094,Paolo Banchero,Paolo,F,,38:05,6.0,22.0,0.273,3.0,8.0,0.375,9.0,11.0,0.818,2.0,9.0,11.0,7.0,1.0,1.0,2.0,1.0,24.0,3.0
0022400979,1610612753,ORL,Orlando,1628976,Wendell Carter Jr.,Wendell,C,,35:08,6.0,13.0,0.462,2.0,4.0,0.5,2.0,3.0,0.667,6.0,8.0,14.0,1.0,0.0,0.0,1.0,3.0,16.0,5.0
0022400979,1610612753,ORL,Orlando,203484,Kentavious Caldwell-Pope,Kentavious,G,,30:16,5.0,9.0,0.556,3.0,5.0,0.6,2.0,2.0,1.0,0.0,2.0,2.0,3.0,1.0,0.0,1.0,5.0,15.0,7.0
0022400979,1610612753,ORL,Orlando,202709,Cory Joseph,Cory,G,,24:30,1.0,4.0,0.25,1.0,3.0,0.333,0.0,0.0,0.0,1.0,2.0,3.0,4.0,3.0,0.0,0.0,4.0,3.0,-4.0
0022400979,1610612753,ORL,Orlando,1631216,Caleb Houstan,Caleb,,,6:58,1.0,1.0,1.0,0.0,0.0,0.0,0.0,0.0,0.0,0.0,0.0,0.0,0.0,0.0,0.0,1.0,1.0,2.0,-2.0
0022400979,1610612753,ORL,Orlando,1630175,Cole Anthony,Cole,,,6:01,0.0,1.0,0.0,0.0,0.0,0.0,2.0,2.0,1.0,0.0,1.0,1.0,0.0,0.0,0.0,1.0,0.0,2.0,-7.0
0022400979,1610612753,ORL,Orlando,1641710,Anthony Black,Anthony,,,22:20,5.0,7.0,0.714,3.0,3.0,1.0,4.0,6.0,0.667,0.0,3.0,3.0,2.0,2.0,0.0,2.0,2.0,17.0,9.0
0022400979,1610612753,ORL,Orlando,1628371,Jonathan Isaac,Jonathan,,,6:39,1.0,2.0,0.5,0.0,1.0,0.0,0.0,0.0,0.0,0.0,1.0,1.0,0.0,1.0,1.0,0.0,0.0,2.0,-3.0
0022400979,1610612753,ORL,Orlando,1641783,Tristan da Silva,Tristan,,,8:01,0.0,2.0,0.0,0.0,1.0,0.0,0.0,0.0,0.0,1.0,0.0,1.0,0.0,0.0,0.0,0.0,0.0,0.0,-2.0
0022400979,1610612753,ORL,Orlando,203914,Gary Harris,Gary,,,20:03,1.0,1.0,1.0,0.0,0.0,0.0,0.0,0.0,0.0,0.0,3.0,3.0,1.0,2.0,0.0,0.0,0.0,2.0,17.0
0022400979,1610612753,ORL,Orlando,1629048,Goga Bitadze,Goga,,,6:13,0.0,0.0,0.0,0.0,0.0,0.0,3.0,4.0,0.75,0.0,0.0,0.0,1.0,0.0,1.0,0.0,1.0,3.0,3.0
0022400979,1610612753,ORL,Orlando,1641724,Jett Howard,Jett,,DNP - Coach's Decision,,,,,,,,,,,,,,,,,,,,
0022400979,1610612739,CLE,Cleveland,1629622,Max Strus,Max,F,,27:13,4.0,8.0,0.5,1.0,4.0,0.25,1.0,2.0,0.5,1.0,5.0,6.0,5.0,0.0,0.0,0.0,2.0,10.0,2.0
0022400979,1610612739,CLE,Cleveland,1629631,De'Andre Hunter,De'Andre,F,,29:11,2.0,11.0,0.182,1.0,5.0,0.2,4.0,4.0,1.0,3.0,2.0,5.0,1.0,1.0,0.0,1.0,4.0,9.0,-5.0
0022400979,1610612739,CLE,Cleveland,1628386,Jarrett Allen,Jarrett,C,,32:20,8.0,11.0,0.727,0.0,0.0,0.0,4.0,6.0,0.667,3.0,9.0,12.0,2.0,0.0,1.0,0.0,4.0,20.0,-3.0
0022400979,1610612739,CLE,Cleveland,1628378,Donovan Mitchell,Donovan,G,,34:13,9.0,28.0,0.321,3.0,14.0,0.214,2.0,2.0,1.0,3.0,3.0,6.0,5.0,1.0,0.0,3.0,3.0,23.0,3.0
0022400979,1610612739,CLE,Cleveland,1629636,Darius Garland,Darius,G,,33:05,8.0,16.0,0.5,2.0,5.0,0.4,1.0,2.0,0.5,1.0,5.0,6.0,4.0,2.0,0.0,5.0,2.0,19.0,1.0
0022400979,1610612739,CLE,Cleveland,1629660,Ty Jerome,Ty,,,24:41,5.0,9.0,0.556,1.0,2.0,0.5,1.0,4.0,0.25,1.0,0.0,1.0,1.0,0.0,0.0,3.0,0.0,12.0,-9.0
0022400979,1610612739,CLE,Cleveland,1629731,Dean Wade,Dean,,,21:55,1.0,2.0,0.5,1.0,2.0,0.5,0.0,0.0,0.0,2.0,4.0,6.0,0.0,3.0,0.0,1.0,2.0,3.0,-4.0
0022400979,1610612739,CLE,Cleveland,1630241,Sam Merrill,Sam,,,18:49,2.0,8.0,0.25,1.0,7.0,0.143,0.0,0.0,0.0,0.0,1.0,1.0,2.0,0.0,0.0,0.0,1.0,5.0,0.0
0022400979,1610612739,CLE,Cleveland,202684,Tristan Thompson,Tristan,,,10:41,0.0,1.0,0.0,0.0,0.0,0.0,0.0,0.0,0.0,1.0,2.0,3.0,1.0,0.0,0.0,0.0,3.0,0.0,3.0
0022400979,1610612739,CLE,Cleveland,1630171,Isaac Okoro,Isaac,,,7:53,1.0,2.0,0.5,0.0,1.0,0.0,0.0,0.0,0.0,1.0,1.0,2.0,0.0,0.0,0.0,0.0,1.0,2.0,-13.0
0022400979,1610612739,CLE,Cleveland,1629750,Javonte Green,Javonte,,DNP - Coach's Decision,,,,,,,,,,,,,,,,,,,,
0022400979,1610612739,CLE,Cleveland,1641854,Craig Porter Jr.,Craig,,DNP - Coach's Decision,,,,,,,,,,,,,,,,,,,,
0022400979,1610612739,CLE,Cleveland,1642281,Jaylon Tyson,Jaylon,,DNP - Coach's Decision,,,,,,,,,,,,,,,,,,,,
0022400401,1610612757,POR,Portland,203924,Jerami Grant,Jerami,F,,20:01,1.0,7.0,0.143,1.0,4.0,0.25,0.0,0.0,0.0,0.0,1.0,1.0,2.0,0.0,0.0,1.0,2.0,3.0,-14.0
0022400401,1610612757,POR,Portland,1641739,Toumani Camara,Toumani,F,,29:43,2.0,6.0,0.333,1.0,5.0,0.2,0.0,0.0,0.0,4.0,8.0,12.0,0.0,0.0,0.0,1.0,2.0,5.0,-18.0
0022400401,1610612757,POR,Portland,1629028,Deandre Ayton,Deandre,C,,25:43,8.0,11.0,0.727,0.0,0.0,0.0,0.0,0.0,0.0,4.0,5.0,9.0,0.0,2.0,0.0,1.0,3.0,16.0,-20.0
0022400401,1610612757,POR,Portland,1631101,Shaedon Sharpe,Shaedon,G,,24:13,6.0,14.0,0.429,1.0,4.0,0.25,0.0,0.0,0.0,0.0,2.0,2.0,3.0,3.0,0.0,1.0,1.0,13.0,-16.0
0022400401,1610612757,POR,Portland,1629014,Anfernee Simons,Anfernee,G,,28:53,5.0,12.0,0.417,0.0,3.0,0.0,0.0,0.0,0.0,0.0,0.0,0.0,5.0,0.0,0.0,2.0,2.0,10.0,-22.0
0022400401,1610612757,POR,Portland,1630703,Scoot Henderson,Scoot,,,26:04,4.0,11.0,0.364,2.0,3.0,0.667,4.0,4.0,1.0,1.0,5.0,6.0,4.0,1.0,0.0,4.0,5.0,14.0,-12.0
0022400401,1610612757,POR,Portland,1630166,Deni Avdija,Deni,,,22:57,6.0,11.0,0.545,2.0,4.0,0.5,5.0,8.0,0.625,4.0,2.0,6.0,3.0,0.0,1.0,2.0,4.0,19.0,-14.0
0022400401,1610612757,POR,Portland,1642270,Donovan Clingan,Donovan,,,15:18,2.0,5.0,0.4,0.0,1.0,0.0,0.0,0.0,0.0,1.0,2.0,3.0,1.0,0.0,0.0,1.0,2.0,4.0,-7.0
0022400401,1610612757,POR,Portland,1630625,Dalano Banton,Dalano,,,12:48,1.0,3.0,0.333,0.0,2.0,0.0,1.0,2.0,0.5,0.0,1.0,1.0,3.0,0.0,0.0,3.0,0.0,3.0,0.0
0022400401,1610612757,POR,Portland,1631200,Kris Murray,Kris,,,18:24,1.0,4.0,0.25,0.0,1.0,0.0,0.0,0.0,0.0,0.0,2.0,2.0,2.0,0.0,0.0,1.0,4.0,2.0,-7.0
0022400401,1610612757,POR,Portland,1631133,Jabari Walker,Jabari,,,7:58,6.0,7.0,0.857,1.0,1.0,1.0,0.0,1.0,0.0,2.0,3.0,5.0,0.0,0.0,0.0,0.0,0.0,13.0,5.0
0022400401,1610612757,POR,Portland,1641712,Rayan Rupert,Rayan,,,7:58,1.0,2.0,0.5,0.0,1.0,0.0,4.0,4.0,1.0,0.0,1.0,1.0,0.0,0.0,0.0,1.0,0.0,6.0,5.0
0022400401,1610612757,POR,Portland,1641871,Duop Reath,Duop,,DNP - Coach's Decision,,,,,,,,,,,,,,,,,,,,
0022400401,1610612757,POR,Portland,1629680,Matisse Thybulle,Matisse,,DND - Injury/Illness,,,,,,,,,,,,,,,,,,,,
0022400401,1610612757,POR,Portland,1629057,Robert Williams III,Robert,,DND - Injury/Illness,,,,,,,,,,,,,,,,,,,,
0022400401,1610612742,DAL,Dallas,202691,Klay Thompson,Klay,F,,18:17,5.0,10.0,0.5,3.0,8.0,0.375,0.0,0.0,0.0,0.0,2.0,2.0,2.0,2.0,0.0,1.0,1.0,13.0,21.0
0022400401,1610612742,DAL,Dallas,1629023,P.J. Washington,P.J.,F,,23:32,5.0,8.0,0.625,2.0,3.0,0.667,0.0,0.0,0.0,1.0,3.0,4.0,2.0,1.0,0.0,1.0,2.0,12.0,27.0
0022400401,1610612742,DAL,Dallas,1641726,Dereck Lively II,Dereck,C,,16:03,2.0,2.0,1.0,0.0,0.0,0.0,0.0,0.0,0.0,3.0,1.0,4.0,1.0,1.0,0.0,1.0,1.0,4.0,16.0
0022400401,1610612742,DAL,Dallas,202681,Kyrie Irving,Kyrie,G,,29:10,7.0,14.0,0.5,2.0,6.0,0.333,4.0,4.0,1.0,1.0,2.0,3.0,2.0,1.0,1.0,0.0,1.0,20.0,30.0
0022400401,1610612742,DAL,Dallas,1629029,Luka Dončić,Luka,G,,29:47,10.0,19.0,0.526,1.0,7.0,0.143,6.0,8.0,0.75,1.0,6.0,7.0,7.0,1.0,0.0,3.0,2.0,27.0,16.0
0022400401,1610612742,DAL,Dallas,1629656,Quentin Grimes,Quentin,,,17:07,2.0,6.0,0.333,0.0,2.0,0.0,1.0,2.0,0.5,1.0,2.0,3.0,4.0,0.0,0.0,0.0,2.0,5.0,14.0
0022400401,1610612742,DAL,Dallas,1628467,Maxi Kleber,Maxi,,,16:01,1.0,2.0,0.5,1.0,2.0,0.5,0.0,0.0,0.0,1.0,0.0,1.0,0.0,1.0,0.0,2.0,4.0,3.0,3.0
0022400401,1610612742,DAL,Dallas,203915,Spencer Dinwiddie,Spencer,,,14:06,1.0,2.0,0.5,1.0,1.0,1.0,0.0,0.0,0.0,1.0,0.0,1.0,2.0,1.0,0.0,1.0,1.0,3.0,6.0
0022400401,1610612742,DAL,Dallas,1629655,Daniel Gafford,Daniel,,,20:51,7.0,7.0,1.0,0.0,0.0,0.0,9.0,14.0,0.643,1.0,4.0,5.0,2.0,0.0,1.0,0.0,0.0,23.0,10.0
0022400401,1610612742,DAL,Dallas,1630230,Naji Marshall,Naji,,,15:36,2.0,6.0,0.333,0.0,1.0,0.0,0.0,0.0,0.0,0.0,1.0,1.0,2.0,0.0,0.0,0.0,1.0,4.0,-5.0
0022400401,1610612742,DAL,Dallas,1641765,Olivier-Maxence Prosper,Olivier-Maxence,,,10:30,2.0,4.0,0.5,0.0,1.0,0.0,4.0,4.0,1.0,2.0,3.0,5.0,1.0,0.0,0.0,1.0,0.0,8.0,-3.0
0022400401,1610612742,DAL,Dallas,203939,Dwight Powell,Dwight,,,10:30,3.0,3.0,1.0,1.0,1.0,1.0,0.0,2.0,0.0,1.0,2.0,3.0,0.0,1.0,1.0,0.0,2.0,7.0,-3.0
0022400401,1610612742,DAL,Dallas,1630556,Kessler Edwards,Kessler,,,9:15,0.0,3.0,0.0,0.0,1.0,0.0,0.0,0.0,0.0,0.0,1.0,1.0,1.0,0.0,1.0,0.0,2.0,0.0,-6.0
0022400401,1610612742,DAL,Dallas,1641789,Jazian Gortman,Jazian,,,9:15,1.0,4.0,0.25,1.0,3.0,0.333,0.0,0.0,0.0,0.0,1.0,1.0,1.0,1.0,0.0,0.0,2.0,3.0,-6.0
0022400401,1610612742,DAL,Dallas,202693,Markieff Morris,Markieff,,DNP - Coach's Decision,,,,,,,,,,,,,,,,,,,,
0022400478,1610612755,PHI,Philadelphia,1628997,Caleb Martin,Caleb,F,,24:51,7.0,8.0,0.875,2.0,3.0,0.667,1.0,3.0,0.333,3.0,1.0,4.0,3.0,1.0,1.0,1.0,3.0,17.0,18.0
0022400478,1610612755,PHI,Philadelphia,1627824,Guerschon Yabusele,Guerschon,F,,25:33,1.0,4.0,0.25,0.0,3.0,0.0,1.0,2.0,0.5,1.0,5.0,6.0,0.0,2.0,0.0,0.0,0.0,3.0,13.0
0022400478,1610612755,PHI,Philadelphia,203954,Joel Embiid,Joel,C,,28:58,8.0,16.0,0.5,2.0,3.0,0.667,10.0,10.0,1.0,1.0,11.0,12.0,6.0,0.0,0.0,3.0,2.0,28.0,22.0
0022400478,1610612755,PHI,Philadelphia,202331,Paul George,Paul,G,,28:58,6.0,14.0,0.429,3.0,9.0,0.333,2.0,2.0,1.0,0.0,4.0,4.0,6.0,2.0,0.0,2.0,2.0,17.0,22.0
0022400478,1610612755,PHI,Philadelphia,1630178,Tyrese Maxey,Tyrese,G,,31:48,5.0,12.0,0.417,2.0,6.0,0.333,6.0,7.0,0.857,0.0,2.0,2.0,7.0,0.0,0.0,4.0,0.0,18.0,20.0
0022400478,1610612755,PHI,Philadelphia,200768,Kyle Lowry,Kyle,,,24:07,2.0,2.0,1.0,1.0,1.0,1.0,0.0,0.0,0.0,1.0,3.0,4.0,4.0,2.0,0.0,1.0,2.0,5.0,15.0
0022400478,1610612755,PHI,Philadelphia,202704,Reggie Jackson,Reggie,,,22:06,3.0,9.0,0.333,2.0,6.0,0.333,0.0,0.0,0.0,1.0,1.0,2.0,1.0,2.0,0.0,1.0,4.0,8.0,12.0
0022400478,1610612755,PHI,Philadelphia,1642348,Justin Edwards,Justin,,,22:52,4.0,7.0,0.571,3.0,6.0,0.5,0.0,0.0,0.0,1.0,4.0,5.0,1.0,0.0,0.0,1.0,2.0,11.0,11.0
0022400478,1610612755,PHI,Philadelphia,203083,Andre Drummond,Andre,,,8:09,2.0,4.0,0.5,0.0,1.0,0.0,2.0,2.0,1.0,0.0,4.0,4.0,0.0,1.0,0.0,1.0,1.0,6.0,1.0
0022400478,1610612755,PHI,Philadelphia,201569,Eric Gordon,Eric,,,6:57,0.0,1.0,0.0,0.0,1.0,0.0,0.0,0.0,0.0,0.0,0.0,0.0,0.0,1.0,0.0,1.0,0.0,0.0,2.0
0022400478,1610612755,PHI,Philadelphia,1641741,Ricky Council IV,Ricky,,,8:51,2.0,3.0,0.667,0.0,1.0,0.0,0.0,0.0,0.0,0.0,4.0,4.0,2.0,0.0,0.0,0.0,0.0,4.0,6.0
0022400478,1610612755,PHI,Philadelphia,1641737,Adem Bona,Adem,,,6:50,2.0,2.0,1.0,0.0,0.0,0.0,2.0,4.0,0.5,0.0,3.0,3.0,1.0,0.0,1.0,2.0,1.0,6.0,3.0
0022400478,1610612751,BKN,Brooklyn,1630533,Ziaire Williams,Ziaire,F,,21:37,6.0,8.0,0.75,4.0,6.0,0.667,3.0,4.0,0.75,0.0,3.0,3.0,2.0,1.0,1.0,2.0,1.0,19.0,-19.0
0022400478,1610612751,BKN,Brooklyn,1630592,Jalen Wilson,Jalen,F,,33:02,4.0,11.0,0.364,3.0,8.0,0.375,0.0,0.0,0.0,1.0,3.0,4.0,0.0,0.0,0.0,3.0,6.0,11.0,-20.0
0022400478,1610612751,BKN,Brooklyn,1629651,Nic Claxton,Nic,C,,23:24,5.0,8.0,0.625,0.0,1.0,0.0,0.0,0.0,0.0,1.0,4.0,5.0,0.0,0.0,0.0,2.0,2.0,10.0,-21.0
0022400478,1610612751,BKN,Brooklyn,1630553,Keon Johnson,Keon,G,,36:21,5.0,14.0,0.357,2.0,5.0,0.4,3.0,4.0,0.75,1.0,7.0,8.0,8.0,1.0,0.0,2.0,3.0,15.0,-16.0
0022400478,1610612751,BKN,Brooklyn,1626156,D'Angelo Russell,D'Angelo,G,,14:08,1.0,4.0,0.25,1.0,2.0,0.5,2.0,3.0,0.667,0.0,1.0,1.0,4.0,2.0,0.0,3.0,0.0,5.0,-11.0
0022400478,1610612751,BKN,Brooklyn,1641730,Noah Clowney,Noah,,,18:36,1.0,3.0,0.333,1.0,3.0,0.333,0.0,0.0,0.0,1.0,5.0,6.0,2.0,1.0,0.0,4.0,2.0,3.0,-14.0
0022400478,1610612751,BKN,Brooklyn,1641787,Tosan Evbuomwan,Tosan,,,20:42,1.0,4.0,0.25,1.0,4.0,0.25,0.0,2.0,0.0,0.0,1.0,1.0,1.0,0.0,1.0,1.0,3.0,3.0,-11.0
0022400478,1610612751,BKN,Brooklyn,1631213,Tyrese Martin,Tyrese,,,29:14,6.0,18.0,0.333,1.0,7.0,0.143,3.0,4.0,0.75,1.0,4.0,5.0,3.0,0.0,0.0,0.0,1.0,16.0,-19.0
0022400478,1610612751,BKN,Brooklyn,1630549,Day'Ron Sharpe,Day'Ron,,,25:02,2.0,8.0,0.25,1.0,4.0,0.25,0.0,1.0,0.0,1.0,4.0,5.0,2.0,0.0,1.0,1.0,2.0,5.0,-6.0
0022400478,1610612751,BKN,Brooklyn,1641736,Reece Beekman,Reece,,,17:55,3.0,4.0,0.75,0.0,1.0,0.0,1.0,1.0,1.0,0.0,1.0,1.0,0.0,1.0,1.0,4.0,1.0,7.0,-8.0
0022400478,1610612751,BKN,Brooklyn,1627732,Ben Simmons,Ben,,DND - Injury/Illness,,,,,,,,,,,,,,,,,,,,
0022400478,1610612751,BKN,Brooklyn,1630570,Trendon Watford,Trendon,,DND - Injury/Illness,,,,,,,,,,,,,,,,,,,,
0042400121,1610612765,DET,Detroit,202699,Tobias Harris,Tobias,F,,39.000000:47,8.0,13.0,0.615,4.0,5.0,0.8,5.0,5.0,1.0,0.0,6.0,6.0,0.0,0.0,2.0,1.0,0.0,25.0,-16.0
0042400121,1610612765,DET,Detroit,1641709,Ausar Thompson,Ausar,F,,22.000000:51,4.0,8.0,0.5,0.0,0.0,0.0,2.0,3.0,0.667,0.0,6.0,6.0,1.0,0.0,0.0,3.0,5.0,10.0,0.0
0042400121,1610612765,DET,Detroit,1631105,Jalen Duren,Jalen,C,,24.000000:44,3.0,4.0,0.75,0.0,0.0,0.0,1.0,2.0,0.5,5.0,1.0,6.0,3.0,1.0,3.0,1.0,4.0,7.0,-20.0
0042400121,1610612765,DET,Detroit,1630595,Cade Cunningham,Cade,G,,39.000000:06,8.0,21.0,0.381,1.0,4.0,0.25,4.0,5.0,0.8,1.0,5.0,6.0,12.0,0.0,0.0,6.0,3.0,21.0,-6.0
0042400121,1610612765,DET,Detroit,203501,Tim Hardaway Jr.,Tim,G,,27.000000:38,7.0,13.0,0.538,3.0,8.0,0.375,2.0,3.0,0.667,1.0,1.0,2.0,1.0,1.0,0.0,2.0,0.0,19.0,-3.0
0042400121,1610612765,DET,Detroit,1627736,Malik Beasley,Malik,,,34.000000:56,7.0,16.0,0.438,6.0,12.0,0.5,0.0,0.0,0.0,1.0,3.0,4.0,2.0,2.0,1.0,2.0,2.0,20.0,-9.0
0042400121,1610612765,DET,Detroit,1630191,Isaiah Stewart,Isaiah,,,18.000000:52,1.0,2.0,0.5,0.0,0.0,0.0,0.0,0.0,0.0,1.0,4.0,5.0,1.0,0.0,2.0,0.0,5.0,2.0,8.0
0042400121,1610612765,DET,Detroit,203471,Dennis Schröder,Dennis,,,25.000000:58,3.0,8.0,0.375,1.0,2.0,0.5,1.0,2.0,0.5,0.0,0.0,0.0,3.0,2.0,1.0,2.0,2.0,8.0,-2.0
0042400121,1610612765,DET,Detroit,1641842,Ronald Holland II,Ronald,,,6.000000:08,0.0,1.0,0.0,0.0,1.0,0.0,0.0,0.0,0.0,2.0,0.0,2.0,0.0,0.0,0.0,2.0,0.0,0.0,-7.0
0042400121,1610612765,DET,Detroit,1631323,Simone Fontecchio,Simone,,DNP - Coach's Decision,,,,,,,,,,,,,,,,,,,,
0042400121,1610612765,DET,Detroit,1641752,Bobi Klintman,Bobi,,DNP - Coach's Decision,,,,,,,,,,,,,,,,,,,,
0042400121,1610612765,DET,Detroit,1630194,Paul Reed,Paul,,DNP - Coach's Decision,,,,,,,,,,,,,,,,,,,,
0042400121,1610612765,DET,Detroit,1631204,Marcus Sasser,Marcus,,DNP - Coach's Decision,,,,,,,,,,,,,,,,,,,,
0042400121,1610612765,DET,Detroit,1630322,Lindy Waters III,Lindy,,DNP - Coach's Decision,,,,,,,,,,,,,,,,,,,,
0042400121,1610612752,NYK,New York,1628384,OG Anunoby,OG,F,,44.000000:07,8.0,18.0,0.444,3.0,8.0,0.375,4.0,4.0,1.0,3.0,4.0,7.0,0.0,5.0,2.0,2.0,3.0,23.0,10.0
0042400121,1610612752,NYK,New York,1628404,Josh Hart,Josh,F,,29.000000:33,6.0,10.0,0.6,1.0,1.0,1.0,0.0,0.0,0.0,2.0,5.0,7.0,6.0,0.0,1.0,2.0,3.0,13.0,20.0
0042400121,1610612752,NYK,New York,1626157,Karl-Anthony Towns,Karl-Anthony,C,,39.000000:12,10.0,14.0,0.714,1.0,3.0,0.333,2.0,2.0,1.0,0.0,11.0,11.0,5.0,4.0,2.0,0.0,3.0,23.0,22.0
0042400121,1610612752,NYK,New York,1628969,Mikal Bridges,Mikal,G,,28.000000:44,4.0,9.0,0.444,0.0,2.0,0.0,0.0,0.0,0.0,0.0,2.0,2.0,2.0,0.0,2.0,0.0,3.0,8.0,-16.0
0042400121,1610612752,NYK,New York,1628973,Jalen Brunson,Jalen,G,,40.000000:28,12.0,27.0,0.444,2.0,5.0,0.4,8.0,10.0,0.8,0.0,2.0,2.0,8.0,0.0,0.0,1.0,3.0,34.0,2.0
0042400121,1610612752,NYK,New York,1629013,Landry Shamet,Landry,,,10.000000:13,1.0,2.0,0.5,0.0,0.0,0.0,0.0,0.0,0.0,0.0,0.0,0.0,0.0,0.0,0.0,1.0,0.0,2.0,-6.0
0042400121,1610612752,NYK,New York,1629011,Mitchell Robinson,Mitchell,,,17.000000:53,3.0,3.0,1.0,0.0,0.0,0.0,0.0,0.0,0.0,3.0,3.0,6.0,0.0,1.0,2.0,0.0,1.0,6.0,-9.0
0042400121,1610612752,NYK,New York,1630540,Miles McBride,Miles,,,15.000000:12,0.0,3.0,0.0,0.0,2.0,0.0,0.0,0.0,0.0,0.0,1.0,1.0,4.0,1.0,0.0,2.0,2.0,0.0,9.0
0042400121,1610612752,NYK,New York,1626166,Cameron Payne,Cameron,,,14.000000:40,5.0,7.0,0.714,3.0,5.0,0.6,1.0,1.0,1.0,0.0,0.0,0.0,1.0,1.0,0.0,1.0,3.0,14.0,23.0
0042400121,1610612752,NYK,New York,1630173,Precious Achiuwa,Precious,,DNP - Coach's Decision,,,,,,,,,,,,,,,,,,,,
0042400121,1610612752,NYK,New York,1642359,Pacôme Dadiet,Pacôme,,DNP - Coach's Decision,,,,,,,,,,,,,,,,,,,,
0042400121,1610612752,NYK,New York,1630574,Ariel Hukporti,Ariel,,DNP - Coach's Decision,,,,,,,,,,,,,,,,,,,,
0042400121,1610612752,NYK,New York,1642278,Tyler Kolek,Tyler,,DNP - Coach's Decision,,,,,,,,,,,,,,,,,,,,
0042400121,1610612752,NYK,New York,200782,P.J. Tucker,P.J.,,DNP - Coach's Decision,,,,,,,,,,,,,,,,,,,,
0042400121,1610612752,NYK,New York,1626153,Delon Wright,Delon,,DNP - Coach's Decision,,,,,,,,,,,,,,,,,,,,
0022400289,1610612741,CHI,Chicago,203897,Zach LaVine,Zach,F,,31:03,3.0,9.0,0.333,1.0,5.0,0.2,1.0,2.0,0.5,1.0,4.0,5.0,10.0,1.0,0.0,2.0,3.0,8.0,-20.0
0022400289,1610612741,CHI,Chicago,1630245,Ayo Dosunmu,Ayo,F,,30:41,10.0,12.0,0.833,1.0,3.0,0.333,0.0,2.0,0.0,1.0,3.0,4.0,2.0,1.0,0.0,0.0,1.0,21.0,-19.0
0022400289,1610612741,CHI,Chicago,202696,Nikola Vučević,Nikola,C,,30:08,8.0,20.0,0.4,2.0,6.0,0.333,1.0,2.0,0.5,1.0,10.0,11.0,4.0,0.0,0.0,2.0,2.0,19.0,-19.0
0022400289,1610612741,CHI,Chicago,1629632,Coby White,Coby,G,,25:59,3.0,10.0,0.3,2.0,7.0,0.286,1.0,1.0,1.0,0.0,2.0,2.0,2.0,0.0,0.0,5.0,2.0,9.0,-29.0
0022400289,1610612741,CHI,Chicago,1630581,Josh Giddey,Josh,G,,23:19,5.0,6.0,0.833,2.0,3.0,0.667,1.0,1.0,1.0,1.0,1.0,2.0,5.0,1.0,2.0,3.0,3.0,13.0,-21.0
0022400289,1610612741,CHI,Chicago,1628366,Lonzo Ball,Lonzo,,,14:43,2.0,3.0,0.667,2.0,3.0,0.667,0.0,0.0,0.0,0.0,1.0,1.0,3.0,4.0,2.0,2.0,0.0,6.0,7.0
0022400289,1610612741,CHI,Chicago,1641824,Matas Buzelis,Matas,,,25:16,2.0,7.0,0.286,1.0,5.0,0.2,2.0,2.0,1.0,0.0,2.0,2.0,0.0,0.0,1.0,2.0,6.0,7.0,-6.0
0022400289,1610612741,CHI,Chicago,1630604,E.J. Liddell,E.J.,,,17:12,2.0,3.0,0.667,1.0,2.0,0.5,0.0,0.0,0.0,1.0,3.0,4.0,2.0,1.0,0.0,1.0,5.0,5.0,5.0
0022400289,1610612741,CHI,Chicago,1631207,Dalen Terry,Dalen,,,1:42,0.0,0.0,0.0,0.0,0.0,0.0,0.0,0.0,0.0,0.0,0.0,0.0,0.0,0.0,0.0,0.0,0.0,0.0,-3.0
0022400289,1610612741,CHI,Chicago,1641763,Julian Phillips,Julian,,,17:20,1.0,4.0,0.25,0.0,2.0,0.0,2.0,2.0,1.0,2.0,1.0,3.0,0.0,1.0,1.0,0.0,1.0,4.0,12.0
0022400289,1610612741,CHI,Chicago,1629659,Talen Horton-Tucker,Talen,,,13:47,7.0,8.0,0.875,3.0,4.0,0.75,3.0,4.0,0.75,0.0,1.0,1.0,1.0,0.0,0.0,1.0,2.0,20.0,7.0
0022400289,1610612741,CHI,Chicago,1628975,Jevon Carter,Jevon,,,4:25,1.0,2.0,0.5,0.0,1.0,0.0,0.0,0.0,0.0,0.0,0.0,0.0,1.0,0.0,0.0,0.0,0.0,2.0,8.0
0022400289,1610612741,CHI,Chicago,1630537,Chris Duarte,Chris,,,4:25,2.0,3.0,0.667,1.0,1.0,1.0,0.0,0.0,0.0,0.0,2.0,2.0,0.0,0.0,0.0,0.0,1.0,5.0,8.0
0022400289,1610612741,CHI,Chicago,1628470,Torrey Craig,Torrey,,DNP - Coach's Decision,,,,,,,,,,,,,,,,,,,,
0022400289,1610612753,ORL,Orlando,1630532,Franz Wagner,Franz,F,,31:04,7.0,20.0,0.35,1.0,6.0,0.167,6.0,6.0,1.0,1.0,2.0,3.0,6.0,2.0,1.0,3.0,3.0,21.0,19.0
0022400289,1610612753,ORL,Orlando,1628976,Wendell Carter Jr.,Wendell,F,,17:55,2.0,5.0,0.4,0.0,3.0,0.0,0.0,0.0,0.0,0.0,4.0,4.0,2.0,1.0,1.0,1.0,0.0,4.0,10.0
0022400289,1610612753,ORL,Orlando,1629048,Goga Bitadze,Goga,C,,25:17,4.0,4.0,1.0,0.0,0.0,0.0,3.0,4.0,0.75,2.0,9.0,11.0,3.0,2.0,2.0,1.0,1.0,11.0,21.0
0022400289,1610612753,ORL,Orlando,203484,Kentavious Caldwell-Pope,Kentavious,G,,34:09,8.0,13.0,0.615,6.0,10.0,0.6,2.0,2.0,1.0,0.0,1.0,1.0,2.0,4.0,0.0,1.0,2.0,24.0,18.0
0022400289,1610612753,ORL,Orlando,1630591,Jalen Suggs,Jalen,G,,31:58,10.0,18.0,0.556,4.0,9.0,0.444,7.0,7.0,1.0,1.0,2.0,3.0,7.0,0.0,0.0,2.0,2.0,31.0,20.0
0022400289,1610612753,ORL,Orlando,1628371,Jonathan Isaac,Jonathan,,,22:12,1.0,5.0,0.2,0.0,2.0,0.0,2.0,2.0,1.0,1.0,5.0,6.0,1.0,1.0,3.0,0.0,0.0,4.0,11.0
0022400289,1610612753,ORL,Orlando,1641710,Anthony Black,Anthony,,,15:18,2.0,4.0,0.5,0.0,0.0,0.0,0.0,0.0,0.0,0.0,3.0,3.0,3.0,0.0,0.0,1.0,2.0,4.0,2.0
0022400289,1610612753,ORL,Orlando,1641783,Tristan da Silva,Tristan,,,19:29,3.0,5.0,0.6,2.0,3.0,0.667,0.0,0.0,0.0,0.0,3.0,3.0,1.0,0.0,0.0,0.0,0.0,8.0,-1.0
0022400289,1610612753,ORL,Orlando,1629021,Moritz Wagner,Moritz,,,18:18,6.0,9.0,0.667,1.0,2.0,0.5,2.0,3.0,0.667,2.0,2.0,4.0,4.0,0.0,1.0,0.0,2.0,15.0,1.0
0022400289,1610612753,ORL,Orlando,1630175,Cole Anthony,Cole,,,11:05,3.0,6.0,0.5,1.0,3.0,0.333,2.0,2.0,1.0,0.0,1.0,1.0,1.0,0.0,0.0,1.0,2.0,9.0,-7.0
0022400289,1610612753,ORL,Orlando,1641724,Jett Howard,Jett,,,4:25,0.0,1.0,0.0,0.0,1.0,0.0,0.0,0.0,0.0,0.0,0.0,0.0,0.0,0.0,0.0,0.0,0.0,0.0,-8.0
0022400289,1610612753,ORL,Orlando,202709,Cory Joseph,Cory,,,4:25,0.0,0.0,0.0,0.0,0.0,0.0,0.0,0.0,0.0,0.0,0.0,0.0,0.0,0.0,0.0,1.0,0.0,0.0,-8.0
0022400289,1610612753,ORL,Orlando,1631216,Caleb Houstan,Caleb,,,4:25,0.0,0.0,0.0,0.0,0.0,0.0,2.0,2.0,1.0,0.0,0.0,0.0,0.0,0.0,0.0,0.0,0.0,2.0,-8.0
