PERSON_ID,FIRST_NAME,LAST_NAME,BIRTHDATE,SCHOOL,COUNTRY,HEIGHT,WEIGHT,SEASON_EXP,JERSEY,POSITION,TEAM_ID,DLEAGUE_FLAG,DRAFT_YEAR,DRAFT_ROUND,DRAFT_NUMBER,GREATEST_75_FLAG
1630208,Nick,Richards,1997-11-29,Kentucky,Jamaica,7-0,245,5,2,Center,1610612756,Y,2020,2,42,N
1630214,Xavier,Tillman,1999-01-12,Michigan State,USA,6-7,245,5,26,Forward,1610612738,Y,2020,2,35,N
1630215,Jared,Butler,2000-08-25,Baylor,USA,6-3,193,4,12,Guard,1610612755,Y,2021,2,40,N
1642505,Alex,Ducas,2000-12-11,St.Mary's College of California,Australia,6-7,220,1,88,Guard,1610612760,Y,Undrafted,Undrafted,Undrafted,N
1630217,Desmond,Bane,1998-06-25,TCU,USA,6-5,215,5,3,Guard,1610612753,N,2020,1,30,N
1630222,Mason,Jones,1998-07-21,Arkansas,USA,6-4,200,4,15,Guard,1610612758,Y,Undrafted,Undrafted,Undrafted,N
1630224,Jalen,Green,2002-02-09,NBA G League Ignite,USA,6-4,186,4,4,Guard,1610612745,Y,2021,1,2,N
1630228,Jonathan,Kuminga,2002-10-06,NBA G League Ignite,DRC,6-7,225,4,00,Forward,1610612744,Y,2021,1,7,N
1630230,Naji,Marshall,1998-01-24,Xavier,USA,6-6,220,5,13,Forward,1610612742,Y,Undrafted,Undrafted,Undrafted,N
1630231,KJ,Martin,2001-01-06,IMG Academy (FL),USA,6-6,215,5,99,Forward,1610612762,Y,2020,2,52,N
1626145,Tyus,Jones,1996-05-10,Duke,USA,6-1,196,10,21,Guard,1610612756,Y,2015,1,24,N
1642530,Yuki,Kawamura,2001-05-02,,Japan,5-8,159,1,17,Guard,1610612763,Y,Undrafted,Undrafted,Undrafted,N
1630243,Trevelin,Queen,1997-02-25,New Mexico State,USA,6-5,190,4,12,Guard,1610612753,Y,Undrafted,Undrafted,Undrafted,N
1630241,Sam,Merrill,1996-05-15,Utah State,USA,6-4,205,5,5,Guard,1610612739,Y,2020,2,60,N
1630245,Ayo,Dosunmu,2000-01-17,Illinois,USA,6-5,200,4,11,Guard,1610612741,N,2021,2,38,N
1626153,Delon,Wright,1992-04-26,Utah,USA,6-5,185,10,0,Guard,1610612752,Y,2015,1,20,N
1630249,Vít,Krejčí,2000-06-19,Zaragoza,Czech Republic,6-8,195,4,27,Guard,1610612737,Y,2020,2,37,N
1626156,D'Angelo,Russell,1996-02-23,Ohio State,USA,6-3,193,10,1,Guard,1610612751,N,2015,1,2,N
1626157,Karl-Anthony,Towns,1995-11-15,Kentucky,USA,7-0,248,10,32,Center-Forward,1610612752,N,2015,1,1,N
1626158,Richaun,Holmes,1993-10-15,Bowling Green,USA,6-9,235,10,22,Forward,1610612764,Y,2015,2,37,N
1630256,Jae'Sean,Tate,1995-10-28,Ohio State,USA,6-4,230,5,8,Forward,1610612745,N,Undrafted,Undrafted,Undrafted,N
1626162,Kelly,Oubre Jr.,1995-12-09,Kansas,USA,6-8,203,10,9,Forward-Guard,1610612755,N,2015,1,15,N
1626164,Devin,Booker,1996-10-30,Kentucky,USA,6-6,206,10,1,Guard,1610612756,N,2015,1,13,N
1626166,Cameron,Payne,1994-08-08,Murray State,USA,6-3,183,10,1,Guard,1610612752,Y,2015,1,14,N
1626167,Myles,Turner,1996-03-24,Texas,USA,6-11,250,10,33,Center-Forward,1610612754,N,2015,1,11,N
1626168,Trey,Lyles,1995-11-05,Kentucky,Canada,6-9,234,10,41,Forward,1610612758,N,2015,1,12,N
1626171,Bobby,Portis,1995-02-10,Arkansas,USA,6-10,250,10,9,Forward,1610612749,Y,2015,1,22,N
1626172,Kevon,Looney,1996-02-06,UCLA,USA,6-9,222,10,5,Forward,1610612744,Y,2015,1,30,N
200768,Kyle,Lowry,1986-03-25,Villanova,USA,6-0,196,19,7,Guard,1610612755,N,2006,1,24,N
1626179,Terry,Rozier,1994-03-17,Louisville,USA,6-1,190,10,2,Guard,1610612748,Y,2015,1,16,N
1626181,Norman,Powell,1993-05-25,UCLA,USA,6-4,215,10,24,Guard,1610612746,Y,2015,2,46,N
200782,P.J.,Tucker,1985-05-05,Texas,USA,6-5,245,14,,Forward,1610612752,Y,2006,2,35,N
1626192,Pat,Connaughton,1993-01-06,Notre Dame,USA,6-5,209,10,24,Guard,1610612749,N,2015,2,41,N
1630288,Jeff,Dowtin Jr.,1997-05-10,Rhode Island,USA,6-3,177,4,11,Guard,1610612755,Y,Undrafted,Undrafted,Undrafted,N
1630296,Braxton,Key,1997-02-14,Virginia,USA,6-8,225,4,12,Forward,1610612744,Y,Undrafted,Undrafted,Undrafted,N
1626204,Larry,Nance Jr.,1993-01-01,Wyoming,USA,6-8,245,10,22,Forward-Center,1610612737,N,2015,1,27,N
1629057,Robert,Williams III,1997-10-17,Texas A&M,USA,6-9,249,7,35,Center-Forward,1610612757,Y,2018,1,27,N
1630311,Pat,Spencer,1996-07-04,Northwestern,USA,6-3,205,2,61,Guard,1610612744,Y,Undrafted,Undrafted,Undrafted,N
1630314,Brandon,Williams,1999-11-22,Arizona,USA,6-1,190,3,10,Guard,1610612742,Y,Undrafted,Undrafted,Undrafted,N
1626220,Royce,O'Neale,1993-06-05,Baylor,USA,6-6,226,8,00,Forward,1610612756,Y,Undrafted,Undrafted,Undrafted,N
1630322,Lindy,Waters III,1997-07-28,Oklahoma State,USA,6-6,210,4,43,Forward,1610612765,Y,Undrafted,Undrafted,Undrafted,N
1631107,Nikola,Jović,2003-06-09,Mega Basket,Serbia,6-10,205,3,5,Forward,1610612748,Y,2022,1,27,N
1628365,Markelle,Fultz,1998-05-29,Washington,USA,6-4,209,8,20,Guard,1610612758,N,2017,1,1,N
1628366,Lonzo,Ball,1997-10-27,UCLA,USA,6-6,190,6,2,Guard,1610612741,N,2017,1,2,N
1628368,De'Aaron,Fox,1997-12-20,Kentucky,USA,6-3,185,8,4,Guard,1610612759,N,2017,1,5,N
1628369,Jayson,Tatum,1998-03-03,Duke,USA,6-8,210,8,0,Forward-Guard,1610612738,N,2017,1,3,N
1628370,Malik,Monk,1998-02-04,Kentucky,USA,6-3,200,8,0,Guard,1610612758,Y,2017,1,11,N
1628371,Jonathan,Isaac,1997-10-03,Florida State,USA,6-10,230,6,1,Forward,1610612753,Y,2017,1,6,N
1628374,Lauri,Markkanen,1997-05-22,Arizona,Finland,7-0,240,8,23,Forward-Center,1610612762,N,2017,1,7,N
1628378,Donovan,Mitchell,1996-09-07,Louisville,USA,6-3,215,8,45,Guard,1610612739,N,2017,1,13,N
1628379,Luke,Kennard,1996-06-24,Duke,USA,6-5,206,8,10,Guard,1610612763,Y,2017,1,12,N
1628380,Zach,Collins,1997-11-19,Gonzaga,USA,6-11,250,7,12,Forward-Center,1610612741,Y,2017,1,10,N
1628381,John,Collins,1997-09-23,Wake Forest,USA,6-9,226,8,20,Forward-Center,1610612762,N,2017,1,19,N
1628384,OG,Anunoby,1997-07-17,Indiana,United Kingdom,6-7,240,8,8,Forward-Guard,1610612752,N,2017,1,23,N
1628386,Jarrett,Allen,1998-04-21,Texas,USA,6-9,243,8,31,Center,1610612739,N,2017,1,22,N
1628389,Bam,Adebayo,1997-07-18,Kentucky,USA,6-9,255,8,13,Center-Forward,1610612748,N,2017,1,14,N
1628392,Isaiah,Hartenstein,1998-05-05,Zalgiris,Germany,7-0,250,7,55,Center-Forward,1610612760,Y,2017,2,43,N
1628396,Tony,Bradley,1998-01-08,North Carolina,USA,6-11,248,7,13,Center-Forward,1610612754,Y,2017,1,28,N
1628398,Kyle,Kuzma,1995-07-24,Utah,USA,6-9,221,8,18,Forward,1610612749,N,2017,1,27,N
1628401,Derrick,White,1994-07-02,Colorado,USA,6-4,190,8,9,Guard,1610612738,Y,2017,1,29,N
1628404,Josh,Hart,1995-03-06,Villanova,USA,6-4,215,8,3,Guard,1610612752,Y,2017,1,30,N
1628415,Dillon,Brooks,1996-01-22,Oregon,Canada,6-6,225,8,9,Guard-Forward,1610612745,N,2017,2,45,N
1628418,Thomas,Bryant,1997-07-31,Indiana,USA,6-10,248,8,3,Center-Forward,1610612754,Y,2017,2,42,N
1628420,Monté,Morris,1995-06-27,Iowa State,USA,6-2,183,8,23,Guard,1610612756,Y,2017,2,51,N
1628427,Vlatko,Čančar,1997-04-10,San Pablo Burgos,Slovenia,6-8,236,5,31,Forward,1610612743,Y,2017,2,49,N
1628436,Luke,Kornet,1995-07-15,Vanderbilt,USA,7-1,250,8,40,Center-Forward,1610612738,Y,Undrafted,Undrafted,Undrafted,N
1628449,Chris,Boucher,1993-01-11,Oregon,Saint Lucia,6-9,200,8,25,Forward,1610612761,Y,Undrafted,Undrafted,Undrafted,N
1628467,Maxi,Kleber,1992-01-29,Bayern Munich,Germany,6-10,240,8,14,Forward,1610612747,N,Undrafted,Undrafted,Undrafted,N
1628470,Torrey,Craig,1990-12-19,South Carolina Upstate,USA,6-5,221,8,12,Forward,1610612738,Y,Undrafted,Undrafted,Undrafted,N
1630526,Jeremiah,Robinson-Earl,2000-11-03,Villanova,USA,6-8,240,4,50,Forward,1610612740,Y,2021,2,32,N
1630527,Brandon,Boston,2001-11-28,Kentucky,USA,6-6,188,4,11,Guard,1610612740,Y,2021,2,51,N
1630528,Josh,Christopher,2001-12-08,Arizona State,USA,6-4,215,3,8,Guard,1610612748,Y,2021,1,24,N
1630529,Herbert,Jones,1998-10-06,Alabama,USA,6-7,206,4,2,Forward,1610612740,N,2021,2,35,N
1630530,Trey,Murphy III,2000-06-18,Virginia,USA,6-8,206,4,25,Forward,1610612740,Y,2021,1,17,N
1630531,Jaden,Springer,2002-09-25,Tennessee,USA,6-4,202,4,11,Guard,1610612762,Y,2021,1,28,N
203076,Anthony,Davis,1993-03-11,Kentucky,USA,6-10,253,13,3,Forward-Center,1610612742,N,2012,1,1,Y
1630533,Ziaire,Williams,2001-09-12,Stanford,USA,6-9,185,4,8,Forward,1610612751,Y,2021,1,10,N
1630534,Ochai,Agbaji,2000-04-20,Kansas,USA,6-5,215,3,30,Guard,1610612761,Y,2022,1,14,N
203078,Bradley,Beal,1993-06-28,Florida,USA,6-4,207,13,3,Guard,1610612756,N,2012,1,3,N
1630532,Franz,Wagner,2001-08-27,Michigan,Germany,6-10,220,4,22,Forward,1610612753,N,2021,1,8,N
203081,Damian,Lillard,1990-07-15,Weber State,USA,6-2,195,13,0,Guard,1610612749,N,2012,1,6,Y
1630538,Bones,Hyland,2000-09-14,Virginia Commonwealth,USA,6-2,169,4,77,Guard,1610612750,Y,2021,1,26,N
1630539,Kai,Jones,2001-01-19,Texas,Bahamas,6-11,221,3,23,Center-Forward,1610612742,Y,2021,1,19,N
203084,Harrison,Barnes,1992-05-30,North Carolina,USA,6-8,225,13,40,Forward,1610612759,N,2012,1,7,N
1630541,Moses,Moody,2002-05-31,Arkansas,USA,6-5,211,4,4,Guard,1610612744,Y,2021,1,14,N
1630540,Miles,McBride,2000-09-08,West Virginia,USA,6-1,195,4,2,Guard,1610612752,Y,2021,2,36,N
203083,Andre,Drummond,1993-08-10,Connecticut,USA,6-11,279,13,1,Center,1610612755,N,2012,1,9,N
1630545,Terrence,Shannon Jr.,2000-07-30,Illinois,USA,6-6,215,1,00,Guard-Forward,1610612750,Y,2024,1,27,N
1630544,Tre,Mann,2001-02-03,Florida,USA,6-3,178,4,23,Guard,1610612766,Y,2021,1,18,N
1630549,Day'Ron,Sharpe,2001-11-06,North Carolina,USA,6-9,265,4,20,Center,1610612751,Y,2021,1,29,N
1630550,JT,Thor,2002-08-26,Auburn,USA,6-9,203,4,21,Forward,1610612764,Y,2021,2,37,N
1630551,Justin,Champagnie,2001-06-29,Pittsburgh,USA,6-6,206,4,9,Guard-Forward,1610612764,Y,Undrafted,Undrafted,Undrafted,N
1630552,Jalen,Johnson,2001-12-18,Duke,USA,6-8,219,4,1,Forward,1610612737,Y,2021,1,20,N
1630553,Keon,Johnson,2002-03-10,Tennessee,USA,6-5,185,4,45,Guard,1610612751,Y,2021,1,21,N
1630556,Kessler,Edwards,2000-08-09,Pepperdine,USA,6-7,203,4,20,Forward,1610612742,Y,2021,2,44,N
1630557,Corey,Kispert,1999-03-03,Gonzaga,USA,6-6,224,4,24,Forward,1610612764,N,2021,1,15,N
1630558,Davion,Mitchell,1998-09-05,Baylor,USA,6-0,202,4,45,Guard,1610612748,N,2021,1,9,N
1630559,Austin,Reaves,1998-05-29,Oklahoma,USA,6-5,197,4,15,Guard,1610612747,N,Undrafted,Undrafted,Undrafted,N
1630560,Cam,Thomas,2001-10-13,Louisiana State,Japan,6-3,210,4,24,Guard,1610612751,Y,2021,1,27,N
1630561,David,Duke Jr.,1999-10-13,Providence,USA,6-4,204,4,7,Guard,1610612759,Y,Undrafted,Undrafted,Undrafted,N
203109,Jae,Crowder,1990-07-06,Marquette,USA,6-6,235,13,99,Forward,1610612758,Y,2012,2,34,N
203110,Draymond,Green,1990-03-04,Michigan State,USA,6-6,230,13,23,Forward,1610612744,N,2012,2,35,N
1630567,Scottie,Barnes,2001-08-01,Florida State,USA,6-7,237,4,4,Forward-Guard,1610612761,N,2021,1,4,N
1630568,Luka,Garza,1998-12-27,Iowa,USA,6-10,243,4,55,Center,1610612750,Y,2021,2,52,N
1630570,Trendon,Watford,2000-11-09,Louisiana State,USA,6-8,237,4,9,Guard-Forward,1610612751,N,Undrafted,Undrafted,Undrafted,N
203114,Khris,Middleton,1991-08-12,Texas A&M,USA,6-7,222,13,32,Forward,1610612764,Y,2012,2,39,N
1630572,Sandro,Mamukelashvili,1999-05-23,Seton Hall,Georgia,6-9,240,4,54,Forward-Center,1610612759,Y,2021,2,54,N
1630573,Sam,Hauser,1997-12-08,Virginia,USA,6-7,217,4,30,Forward,1610612738,Y,Undrafted,Undrafted,Undrafted,N
1630574,Ariel,Hukporti,2002-04-12,MHP Riesen,Germany,6-11,246,1,55,Center,1610612752,Y,2024,2,58,N
1630577,Julian,Champagnie,2001-06-29,St. John's,USA,6-7,217,3,30,Forward,1610612759,Y,Undrafted,Undrafted,Undrafted,N
1630578,Alperen,Sengun,2002-07-25,Besiktas,Turkey,6-11,243,4,28,Center,1610612745,N,2021,1,16,N
1630579,Jericho,Sims,1998-10-20,Texas,USA,6-10,250,4,00,Center,1610612749,Y,2021,2,58,N
1630581,Josh,Giddey,2002-10-10,NBA Global Academy,Australia,6-8,216,4,3,Guard,1610612741,N,2021,1,6,N
1630583,Santi,Aldama,2001-01-10,Loyola-Maryland,Spain,7-0,215,4,7,Forward-Center,1610612763,Y,2021,1,30,N
1630590,Scotty,Pippen Jr.,2000-11-10,Vanderbilt,USA,6-1,170,3,1,Guard,1610612763,Y,Undrafted,Undrafted,Undrafted,N
1630591,Jalen,Suggs,2001-06-03,Gonzaga,USA,6-5,205,4,4,Guard,1610612753,N,2021,1,5,N
1630592,Jalen,Wilson,2000-11-04,Kansas,USA,6-6,220,2,22,Forward,1610612751,Y,2023,2,51,N
1630595,Cade,Cunningham,2001-09-25,Oklahoma State,USA,6-6,220,4,2,Guard,1610612765,N,2021,1,1,N
1630596,Evan,Mobley,2001-06-18,Southern California,USA,6-11,215,4,4,Center,1610612739,N,2021,1,3,N
1630598,Aaron,Wiggins,1999-01-02,Maryland,USA,6-5,190,4,21,Guard,1610612760,Y,2021,2,55,N
1630604,E.J.,Liddell,2000-12-18,Ohio State,USA,6-6,240,2,32,Forward,1610612741,Y,2022,2,41,N
1630611,Gui,Santos,2002-06-22,Minas,Brazil,6-6,185,2,15,Forward,1610612744,Y,2022,2,55,N
1630623,Tyson,Etienne,1999-09-17,Wichita State,USA,6-2,200,1,10,Guard,1610612751,Y,Undrafted,Undrafted,Undrafted,N
1630625,Dalano,Banton,1999-11-07,Nebraska,Canada,6-8,203,4,5,Forward,1610612757,Y,2021,2,46,N
1630631,Jose,Alvarado,1998-04-12,Georgia Tech,USA,6-0,179,4,15,Guard,1610612740,Y,Undrafted,Undrafted,Undrafted,N
1630639,A.J.,Lawson,2000-07-15,South Carolina,Canada,6-6,179,3,0,Guard,1610612761,Y,Undrafted,Undrafted,Undrafted,N
1630643,Jay,Huff,1997-08-25,Virginia,USA,7-1,240,4,30,Center,1610612763,Y,Undrafted,Undrafted,Undrafted,N
1630644,Mac,McClung,1999-01-06,Texas Tech,USA,6-2,185,3,8,Guard,1610612753,Y,Undrafted,Undrafted,Undrafted,N
201142,Kevin,Durant,1988-09-29,Texas,USA,6-11,240,17,35,Forward,1610612756,N,2007,1,2,Y
201143,Al,Horford,1986-06-03,Florida,Dominican Republic,6-9,240,18,42,Center-Forward,1610612738,N,2007,1,3,N
201144,Mike,Conley,1987-10-11,Ohio State,USA,6-0,175,18,10,Guard,1610612750,N,2007,1,4,N
1630649,Stanley,Umude,1999-04-12,Arkansas,USA,6-6,210,3,17,Guard,1610612749,Y,Undrafted,Undrafted,Undrafted,N
201145,Jeff,Green,1986-08-28,Georgetown,USA,6-8,235,17,32,Forward,1610612745,N,2007,1,5,N
1630658,Colin,Castleton,2000-05-25,Florida,USA,6-10,250,2,11,Center,1610612761,Y,Undrafted,Undrafted,Undrafted,N
1630692,Jordan,Goodwin,1998-10-23,St. Louis,USA,6-5,215,4,30,Guard,1610612747,Y,Undrafted,Undrafted,Undrafted,N
1630695,Micah,Potter,1998-04-06,Wisconsin,USA,6-9,248,4,25,Center,1610612762,Y,Undrafted,Undrafted,Undrafted,N
1630696,Dru,Smith,1997-12-30,Missouri,USA,6-2,203,3,12,Guard,1610612748,Y,Undrafted,Undrafted,Undrafted,N
1630699,MarJon,Beauchamp,2000-10-12,NBA G League Ignite,USA,6-7,199,3,0,Forward,1610612752,Y,2022,1,24,N
1630700,Dyson,Daniels,2003-03-17,NBA G League Ignite,Australia,6-7,199,3,5,Guard,1610612737,Y,2022,1,8,N
1630702,Jaden,Hardy,2002-07-05,NBA G League Ignite,USA,6-3,198,3,1,Guard,1610612742,Y,2022,2,37,N
1630703,Scoot,Henderson,2004-02-03,NBA G League Ignite,USA,6-3,206,2,00,Guard,1610612757,Y,2023,1,3,N
2544,LeBron,James,1984-12-30,St. Vincent-St. Mary HS (OH),USA,6-9,250,22,23,Forward,1610612747,N,2003,1,1,Y
1630811,Keaton,Wallace,1999-02-26,Texas-San Antonio,USA,6-3,185,1,2,Guard,1610612737,Y,Undrafted,Undrafted,Undrafted,N
203458,Alex,Len,1993-06-16,Maryland,Ukraine,7-0,250,12,27,Center,1610612747,N,2013,1,5,N
203468,CJ,McCollum,1991-09-19,Lehigh,USA,6-3,190,12,3,Guard,1610612740,Y,2013,1,10,N
203471,Dennis,Schröder,1993-09-15,Braunschweig,Germany,6-1,175,12,17,Guard,1610612765,Y,2013,1,17,N
203482,Kelly,Olynyk,1991-04-19,Gonzaga,Canada,6-11,240,12,13,Forward-Center,1610612740,N,2013,1,13,N
203484,Kentavious,Caldwell-Pope,1993-02-18,Georgia,USA,6-5,204,12,3,Guard,1610612763,N,2013,1,8,N
203486,Mason,Plumlee,1990-03-05,Duke,USA,6-10,254,12,22,Forward-Center,1610612756,Y,2013,1,22,N
203497,Rudy,Gobert,1992-06-26,Cholet,France,7-1,258,12,27,Center,1610612750,Y,2013,1,27,N
203500,Steven,Adams,1993-07-20,Pittsburgh,New Zealand,6-11,265,11,12,Center,1610612745,N,2013,1,12,N
203501,Tim,Hardaway Jr.,1992-03-16,Michigan,USA,6-5,205,12,8,Guard-Forward,1610612765,Y,2013,1,24,N
203507,Giannis,Antetokounmpo,1994-12-06,Filathlitikos,Greece,6-11,243,12,34,Forward,1610612749,N,2013,1,15,Y
101108,Chris,Paul,1985-05-06,Wake Forest,USA,6-0,175,20,3,Guard,1610612759,N,2005,1,4,Y
1628960,Grayson,Allen,1995-10-08,Duke,USA,6-4,198,7,8,Guard,1610612756,Y,2018,1,21,N
203552,Seth,Curry,1990-08-23,Duke,USA,6-1,185,11,30,Guard,1610612766,Y,Undrafted,Undrafted,Undrafted,N
1628963,Marvin,Bagley III,1999-03-14,Duke,USA,6-10,235,7,35,Forward,1610612763,N,2018,1,2,N
1628969,Mikal,Bridges,1996-08-30,Villanova,USA,6-6,209,7,25,Guard-Forward,1610612752,N,2018,1,10,N
1628970,Miles,Bridges,1998-03-21,Michigan State,USA,6-7,225,6,0,Forward,1610612766,N,2018,1,12,N
1628971,Bruce,Brown,1996-08-15,Miami,USA,6-4,202,7,00,Guard-Forward,1610612740,Y,2018,2,42,N
1628973,Jalen,Brunson,1996-08-31,Villanova,USA,6-2,190,7,11,Guard,1610612752,N,2018,2,33,N
1628975,Jevon,Carter,1995-09-14,West Virginia,USA,6-1,200,7,5,Guard,1610612741,Y,2018,2,32,N
1628976,Wendell,Carter Jr.,1999-04-16,Duke,USA,6-10,270,7,34,Center-Forward,1610612753,N,2018,1,7,N
1628978,Donte,DiVincenzo,1997-01-31,Villanova,USA,6-4,203,7,0,Guard,1610612750,Y,2018,1,17,N
1628983,Shai,Gilgeous-Alexander,1998-07-12,Kentucky,Canada,6-6,195,7,2,Guard,1610612760,N,2018,1,11,N
1628988,Aaron,Holiday,1996-09-30,UCLA,USA,6-0,185,7,0,Guard,1610612745,N,2018,1,23,N
1628989,Kevin,Huerter,1998-08-27,Maryland,USA,6-7,198,7,13,Guard-Forward,1610612741,N,2018,1,19,N
1628991,Jaren,Jackson Jr.,1999-09-15,Michigan State,USA,6-10,242,7,13,Forward-Center,1610612763,N,2018,1,4,N
1628995,Kevin,Knox II,1999-08-11,Kentucky,USA,6-8,215,7,31,Forward,1610612744,Y,2018,1,9,N
1628997,Caleb,Martin,1995-09-28,Nevada,USA,6-5,205,6,16,Forward,1610612742,Y,Undrafted,Undrafted,Undrafted,N
1629001,De'Anthony,Melton,1998-05-28,Southern California,USA,6-3,200,7,14,Guard,1610612751,Y,2018,2,46,N
1629003,Shake,Milton,1996-09-26,Southern Methodist,USA,6-5,205,7,20,Guard,1610612747,Y,2018,2,54,N
1629004,Svi,Mykhailiuk,1997-06-10,Kansas,Ukraine,6-7,205,7,19,Guard-Forward,1610612762,Y,2018,2,47,N
1629006,Josh,Okogie,1998-09-01,Georgia Tech,Nigeria,6-4,213,7,12,Guard,1610612766,N,2018,1,20,N
1629008,Michael,Porter Jr.,1998-06-29,Missouri,USA,6-10,218,6,1,Forward,1610612743,N,2018,1,14,N
1629011,Mitchell,Robinson,1998-04-01,Western Kentucky,USA,7-0,240,7,23,Center-Forward,1610612752,N,2018,2,36,N
1629012,Collin,Sexton,1999-01-04,Alabama,USA,6-3,190,7,2,Guard,1610612766,N,2018,1,8,N
1629013,Landry,Shamet,1997-03-13,Wichita State,USA,6-4,190,7,44,Guard,1610612752,Y,2018,1,26,N
1629014,Anfernee,Simons,1999-06-08,Edgewater HS (FL),USA,6-3,200,7,1,Guard,1610612757,Y,2018,1,24,N
1629018,Gary,Trent Jr.,1999-01-18,Duke,USA,6-5,204,7,5,Guard,1610612749,Y,2018,2,37,N
1629020,Jarred,Vanderbilt,1999-04-03,Kentucky,USA,6-8,214,7,2,Forward,1610612747,Y,2018,2,41,N
1629021,Moritz,Wagner,1997-04-26,Michigan,Germany,6-11,245,7,21,Forward-Center,1610612753,Y,2018,1,25,N
201566,Russell,Westbrook,1988-11-12,UCLA,USA,6-4,200,17,4,Guard,1610612743,N,2008,1,4,Y
1629022,Lonnie,Walker IV,1998-12-14,Miami,USA,6-4,204,7,16,Guard-Forward,1610612755,Y,2018,1,18,N
1629023,P.J.,Washington,1998-08-23,Kentucky,USA,6-6,230,6,25,Forward,1610612742,N,2019,1,12,N
201567,Kevin,Love,1988-09-07,UCLA,USA,6-8,251,17,42,Forward-Center,1610612748,N,2008,1,5,N
1629026,Kenrich,Williams,1994-12-02,TCU,USA,6-6,210,7,34,Guard-Forward,1610612760,Y,Undrafted,Undrafted,Undrafted,N
1629027,Trae,Young,1998-09-19,Oklahoma,USA,6-1,164,7,11,Guard,1610612737,N,2018,1,5,N
201572,Brook,Lopez,1988-04-01,Stanford,USA,7-1,282,17,11,Center,1610612749,N,2008,1,10,N
1629029,Luka,Dončić,1999-02-28,Real Madrid,Slovenia,6-6,230,7,77,Forward-Guard,1610612747,N,2018,1,3,N
201569,Eric,Gordon,1988-12-25,Indiana,USA,6-3,215,17,23,Guard,1610612755,N,2008,1,7,N
201587,Nicolas,Batum,1988-12-14,Le Mans,France,6-8,230,17,33,Guard-Forward,1610612746,N,2008,1,25,N
1631093,Jaden,Ivey,2002-02-13,Purdue,USA,6-4,195,3,23,Guard,1610612765,N,2022,1,5,N
1631094,Paolo,Banchero,2002-11-12,Duke,USA,6-10,250,3,5,Forward,1610612753,N,2022,1,1,N
1631095,Jabari,Smith Jr.,2003-05-13,Auburn,USA,6-10,220,3,10,Forward,1610612745,N,2022,1,3,N
1629048,Goga,Bitadze,1999-07-20,Mega Basket,Georgia,6-10,250,6,35,Center-Forward,1610612753,Y,2019,1,18,N
1631097,Bennedict,Mathurin,2002-06-19,Arizona,Canada,6-5,210,3,00,Guard-Forward,1610612754,N,2022,1,6,N
1631096,Chet,Holmgren,2002-05-01,Gonzaga,USA,7-1,208,2,7,Center-Forward,1610612760,N,2022,1,2,N
1631099,Keegan,Murray,2000-08-19,Iowa,USA,6-8,225,3,13,Forward,1610612758,N,2022,1,4,N
1631101,Shaedon,Sharpe,2003-05-30,Kentucky,Canada,6-5,208,3,17,Guard,1610612757,N,2022,1,7,N
1631102,TyTy,Washington Jr.,2001-11-15,Kentucky,USA,6-3,195,3,14,Guard,1610612756,Y,2022,1,29,N
201599,DeAndre,Jordan,1988-07-21,Texas A&M,USA,6-11,265,17,6,Center,1610612743,N,2008,2,35,N
1629056,Terence,Davis,1997-05-16,Mississippi,USA,6-4,201,5,3,Guard,1610612758,Y,Undrafted,Undrafted,Undrafted,N
1631105,Jalen,Duren,2003-11-18,Memphis,USA,6-10,250,3,0,Center,1610612765,N,2022,1,13,N
1631106,Tari,Eason,2001-05-10,Louisiana State,USA,6-8,215,3,17,Forward,1610612745,N,2022,1,17,N
1631103,Malaki,Branham,2003-05-12,Ohio State,USA,6-4,180,3,22,Forward,1610612759,Y,2022,1,20,N
1631108,Max,Christie,2003-02-10,Michigan State,USA,6-5,190,3,00,Guard,1610612742,Y,2022,2,35,N
1631104,Blake,Wesley,2003-03-16,Notre Dame,USA,6-3,185,3,14,Guard,1610612759,Y,2022,1,25,N
1629060,Rui,Hachimura,1998-02-08,Gonzaga,Japan,6-8,230,6,28,Forward,1610612747,N,2019,1,9,N
1631111,Wendell,Moore Jr.,2001-09-18,Duke,USA,6-5,215,3,9,Guard,1610612766,Y,2022,1,26,N
1631109,Mark,Williams,2001-12-16,Duke,USA,7-0,240,3,5,Center,1610612756,Y,2022,1,15,N
1631110,Jeremy,Sochan,2003-05-20,Baylor,Poland,6-8,230,3,10,Forward,1610612759,N,2022,1,9,N
1631114,Jalen,Williams,2001-04-14,Santa Clara,USA,6-5,211,3,8,Guard-Forward,1610612760,N,2022,1,12,N
1631116,Patrick,Baldwin Jr.,2002-11-18,Wisconsin-Milwaukee,USA,6-9,220,3,23,Forward,1610612746,Y,2022,1,28,N
1631117,Walker,Kessler,2001-07-26,Auburn,USA,7-0,245,3,24,Center,1610612762,N,2022,1,22,N
1631119,Jaylin,Williams,2002-06-29,Arkansas,USA,6-9,240,3,6,Forward,1610612760,Y,2022,2,34,N
1631120,JD,Davison,2002-10-03,Alabama,USA,6-1,195,3,20,Guard,1610612738,Y,2022,2,53,N
1631121,Bryce,McGowens,2002-11-08,Nebraska,USA,6-6,190,3,11,Guard,1610612757,Y,2022,2,40,N
1631123,Jamaree,Bouyea,1999-06-27,San Francisco,USA,6-2,180,3,15,Guard,1610612749,Y,Undrafted,Undrafted,Undrafted,N
1631124,Julian,Strawther,2002-04-18,Gonzaga,USA,6-6,205,2,3,Guard,1610612743,Y,2023,1,29,N
1631127,Harrison,Ingram,2002-11-27,North Carolina,USA,6-5,230,1,55,Forward,1610612759,Y,2024,2,48,N
1631128,Christian,Braun,2001-04-17,Kansas,USA,6-6,220,3,0,Guard,1610612743,N,2022,1,21,N
1631131,Oscar,Tshiebwe,1999-11-27,Kentucky,DRC,6-8,255,2,34,Forward-Center,1610612762,Y,Undrafted,Undrafted,Undrafted,N
1631132,Christian,Koloko,2000-06-20,Arizona,Cameroon,7-0,225,2,10,Center,1610612747,Y,2022,2,33,N
1631133,Jabari,Walker,2002-07-30,Colorado,USA,6-7,237,3,34,Forward,1610612757,Y,2022,2,57,N
1629098,Jack,McVeigh,1996-06-27,Nebraska-Lincoln,Australia,6-8,215,1,58,Guard-Forward,1610612745,Y,Undrafted,Undrafted,Undrafted,N
1631157,Ryan,Rollins,2002-07-03,Toledo,USA,6-3,180,3,13,Guard,1610612749,Y,2022,2,44,N
1629111,Jock,Landale,1995-10-25,St. Mary's,Australia,6-11,255,4,2,Center,1610612745,Y,Undrafted,Undrafted,Undrafted,N
1631159,Leonard,Miller,2003-11-26,NBA G League Ignite,Canada,6-10,220,2,33,Forward,1610612750,Y,2023,2,33,N
1631165,Keon,Ellis,2000-01-08,Alabama,USA,6-4,175,3,23,Guard,1610612758,Y,Undrafted,Undrafted,Undrafted,N
1631166,Drew,Timme,2000-09-09,Gonzaga,USA,6-10,235,1,26,Forward,1610612751,Y,Undrafted,Undrafted,Undrafted,N
1631169,Josh,Minott,2002-11-25,Memphis,USA,6-8,205,3,8,Forward,1610612750,Y,2022,2,45,N
1631170,Jaime,Jaquez Jr.,2001-02-18,UCLA,USA,6-6,225,2,11,Guard,1610612748,N,2023,1,18,N
1631172,Ousmane,Dieng,2003-05-21,New Zealand Breakers,France,6-9,185,3,13,Forward,1610612760,Y,2022,1,11,N
1629130,Duncan,Robinson,1994-04-22,Michigan,USA,6-7,215,7,55,Forward,1610612748,Y,Undrafted,Undrafted,Undrafted,N
1631199,Ron,Harper Jr.,2000-04-12,Rutgers,USA,6-4,233,3,13,Guard-Forward,1610612765,Y,Undrafted,Undrafted,Undrafted,N
1631200,Kris,Murray,2000-08-19,Iowa,USA,6-8,216,2,24,Forward,1610612757,Y,2023,1,23,N
1631204,Marcus,Sasser,2000-09-21,Houston,USA,6-2,195,2,25,Guard,1610612765,N,2023,1,25,N
1631207,Dalen,Terry,2002-07-12,Arizona,USA,6-7,195,3,25,Forward,1610612741,Y,2022,1,18,N
1631210,Jacob,Toppin,2000-05-08,Kentucky,USA,6-8,200,2,00,Forward,1610612737,Y,Undrafted,Undrafted,Undrafted,N
1629162,Jordan,McLaughlin,1996-04-09,Southern California,USA,6-0,185,6,11,Guard,1610612759,Y,Undrafted,Undrafted,Undrafted,N
1631212,Peyton,Watson,2002-09-11,UCLA,USA,6-7,200,3,8,Guard,1610612743,Y,2022,1,30,N
1631213,Tyrese,Martin,1999-03-07,Connecticut,USA,6-6,215,2,13,Forward,1610612751,Y,2022,2,51,N
1631216,Caleb,Houstan,2003-01-09,Michigan,Canada,6-8,205,3,2,Guard,1610612753,Y,2022,2,32,N
1631217,Moussa,Diabaté,2002-01-21,Michigan,France,6-9,210,3,14,Forward,1610612766,Y,2022,2,43,N
1631218,Trayce,Jackson-Davis,2000-02-22,Indiana,USA,6-9,245,2,32,Forward,1610612744,Y,2023,2,57,N
1631221,Collin,Gillespie,1999-06-25,Villanova,USA,6-1,195,2,12,Guard,1610612756,Y,Undrafted,Undrafted,Undrafted,N
1631222,Jake,LaRavia,2001-11-03,Wake Forest,USA,6-7,235,3,33,Forward,1610612758,Y,2022,1,19,N
1631223,David,Roddy,2001-03-27,Colorado State,USA,6-4,255,3,45,Forward,1610612745,Y,2022,1,23,N
1631230,Dominick,Barlow,2003-05-26,Overtime Elite,USA,6-8,215,3,26,Forward,1610612737,Y,Undrafted,Undrafted,Undrafted,N
1631232,Keion,Brooks Jr.,2000-08-07,Washington,USA,6-7,210,1,,Forward,1610612740,Y,Undrafted,Undrafted,Undrafted,N
1631243,Mouhamed,Gueye,2002-11-09,Washington State,Senegal,6-10,210,2,18,Forward,1610612737,Y,2023,2,39,N
1631245,Quenton,Jackson,1998-09-15,Texas A&M,USA,6-5,173,3,29,Guard,1610612754,Y,Undrafted,Undrafted,Undrafted,N
1631246,Vince,Williams Jr.,2000-08-30,Virginia Commonwealth,USA,6-4,205,3,5,Guard,1610612763,Y,2022,2,47,N
1631247,Luke,Travers,2001-09-03,Rockingham Flames (Aus.),Australia,6-7,207,1,33,Forward,1610612739,Y,2022,2,56,N
1631248,Baylor,Scheierman,2000-09-26,Creighton,USA,6-6,205,1,55,Guard,1610612738,Y,2024,1,30,N
1631250,Pete,Nance,2000-02-19,North Carolina,USA,6-10,225,2,35,Forward,1610612749,Y,Undrafted,Undrafted,Undrafted,N
1631255,Karlo,Matković,2001-03-30,Mega Basket,Bosnia and Herzegovina,6-10,231,1,17,Forward-Center,1610612740,Y,2022,2,52,N
1642272,Jared,McCain,2004-02-20,Duke,USA,6-3,195,1,20,Guard,1610612755,N,2024,1,16,N
1631260,AJ,Green,1999-09-27,Northern Iowa,USA,6-4,190,3,20,Guard,1610612749,Y,Undrafted,Undrafted,Undrafted,N
1629216,Gabe,Vincent,1996-06-14,California-Santa Barbara,USA,6-2,200,6,7,Guard,1610612747,Y,Undrafted,Undrafted,Undrafted,N
1631288,Jamal,Cain,1999-03-20,Oakland,USA,6-6,191,3,8,Forward,1610612740,Y,Undrafted,Undrafted,Undrafted,N
1631303,Justin,Minaya,1999-03-26,Providence,USA,6-5,205,3,10,Forward,1610612757,Y,Undrafted,Undrafted,Undrafted,N
1631311,Lester,Quinones,2000-11-16,Memphis,USA,6-4,208,3,22,Guard,1610612740,Y,Undrafted,Undrafted,Undrafted,N
1631321,Sidy,Cissoko,2004-04-02,NBA G League Ignite,France,6-6,200,2,25,Guard,1610612757,Y,2023,2,44,N
1631323,Simone,Fontecchio,1995-12-09,Baskonia,Italy,6-7,209,3,19,Forward,1610612765,N,Undrafted,Undrafted,Undrafted,N
1631342,Daeqwon,Plowden,1998-08-29,Bowling Green,USA,6-6,216,1,29,Guard-Forward,1610612737,Y,Undrafted,Undrafted,Undrafted,N
203897,Zach,LaVine,1995-03-10,UCLA,USA,6-5,200,11,8,Guard,1610612758,N,2014,1,13,N
203901,Elfrid,Payton,1994-02-22,Louisana-Lafayette,USA,6-3,195,9,4,Guard,1610612740,Y,2014,1,10,N
1629312,Haywood,Highsmith,1996-12-09,Wheeling Jesuit,USA,6-5,220,5,24,Forward,1610612748,Y,2018,,,N
203914,Gary,Harris,1994-09-14,Michigan State,USA,6-4,210,11,14,Guard,1610612753,N,2014,1,19,N
203915,Spencer,Dinwiddie,1993-04-06,Colorado,USA,6-5,215,11,26,Guard,1610612742,Y,2014,2,38,N
203924,Jerami,Grant,1994-03-12,Syracuse,USA,6-7,210,11,9,Forward,1610612757,N,2014,2,39,N
203926,Doug,McDermott,1992-01-03,Creighton,USA,6-6,225,11,7,Forward,1610612758,N,2014,1,11,N
203932,Aaron,Gordon,1995-09-16,Arizona,USA,6-8,235,11,32,Forward,1610612743,N,2014,1,4,N
203935,Marcus,Smart,1994-03-06,Oklahoma State,USA,6-3,220,11,36,Guard,1610612764,Y,2014,1,6,N
203937,Kyle,Anderson,1993-09-20,UCLA,USA,6-9,230,11,20,Forward-Guard,1610612748,Y,2014,1,30,N
203939,Dwight,Powell,1991-07-20,Stanford,Canada,6-10,240,11,7,Forward-Center,1610612742,Y,2014,2,45,N
203944,Julius,Randle,1994-11-29,Kentucky,USA,6-9,250,11,30,Forward-Center,1610612750,N,2014,1,7,N
203952,Andrew,Wiggins,1995-02-23,Kansas,Canada,6-7,197,11,22,Forward,1610612748,N,2014,1,1,N
203954,Joel,Embiid,1994-03-16,Kansas,Cameroon,7-0,280,9,21,Center-Forward,1610612755,N,2014,1,3,N
203957,Danté,Exum,1995-07-13,Australian Institute of Sport,Australia,6-5,214,8,0,Guard,1610612742,N,2014,1,5,N
203967,Dario,Šarić,1994-04-08,Anadolu Efes,Croatia,6-10,225,8,9,Forward-Center,1610612743,N,2014,1,12,N
201935,James,Harden,1989-08-26,Arizona State,USA,6-5,220,16,1,Guard,1610612746,N,2009,1,3,Y
201939,Stephen,Curry,1988-03-14,Davidson,USA,6-2,185,16,30,Guard,1610612744,N,2009,1,7,Y
201942,DeMar,DeRozan,1989-08-07,Southern California,USA,6-6,220,16,10,Guard-Forward,1610612758,N,2009,1,9,N
203991,Clint,Capela,1994-05-18,Elan Chalon,Switzerland,6-10,256,11,15,Center,1610612737,Y,2014,1,25,N
203992,Bogdan,Bogdanović,1992-08-18,Fenerbahce,Serbia,6-5,225,8,10,Guard,1610612746,N,2014,1,27,N
203994,Jusuf,Nurkić,1994-08-23,Cedevita,Bosnia and Herzegovina,7-0,290,11,11,Center,1610612762,N,2014,1,16,N
203995,Vasilije,Micić,1994-01-13,Serbia,Serbia,6-3,188,2,18,Guard,1610612766,N,2014,2,52,N
201949,James,Johnson,1987-02-20,Wake Forest,USA,6-7,240,16,16,Forward,1610612754,Y,2009,1,16,N
201950,Jrue,Holiday,1990-06-12,UCLA,USA,6-4,205,16,4,Guard,1610612738,N,2009,1,17,N
203999,Nikola,Jokić,1995-02-19,Mega Basket,Serbia,6-11,284,10,15,Center,1610612743,N,2014,2,41,N
204001,Kristaps,Porziņģis,1995-08-02,Cajasol Sevilla,Latvia,7-2,240,9,8,Forward-Center,1610612738,N,2015,1,4,N
201959,Taj,Gibson,1985-06-24,Southern California,USA,6-9,232,16,67,Forward,1610612766,N,2009,1,26,N
1641705,Victor,Wembanyama,2004-01-04,Metropolitans 92,France,7-3,235,2,1,Forward-Center,1610612759,N,2023,1,1,N
1631466,Nate,Williams,1999-02-12,Buffalo,USA,6-5,205,3,19,Guard,1610612745,Y,Undrafted,Undrafted,Undrafted,N
1641706,Brandon,Miller,2002-11-22,Alabama,USA,6-7,200,2,24,Forward,1610612766,N,2023,1,2,N
1641708,Amen,Thompson,2003-01-30,Overtime Elite,USA,6-7,200,2,1,Guard-Forward,1610612745,Y,2023,1,4,N
1641709,Ausar,Thompson,2003-01-30,Overtime Elite,USA,6-6,205,2,9,Guard-Forward,1610612765,N,2023,1,5,N
1641710,Anthony,Black,2004-01-20,Arkansas,USA,6-7,200,2,0,Guard,1610612753,N,2023,1,6,N
1641711,Gradey,Dick,2003-11-20,Kansas,USA,6-6,200,2,1,Guard-Forward,1610612761,Y,2023,1,13,N
1641712,Rayan,Rupert,2004-05-31,New Zealand Breakers,France,6-6,195,2,21,Guard-Forward,1610612757,Y,2023,2,43,N
1641713,GG,Jackson,2004-12-17,South Carolina,USA,6-9,210,2,45,Forward,1610612763,Y,2023,2,45,N
1641707,Taylor,Hendricks,2003-11-22,Central Florida,USA,6-9,215,2,0,Forward,1610612762,Y,2023,1,9,N
1641715,Cam,Whitmore,2004-07-08,Villanova,USA,6-7,230,2,7,Forward,1610612745,Y,2023,1,20,N
1641716,Jarace,Walker,2003-09-04,Houston,USA,6-7,235,2,5,Forward,1610612754,Y,2023,1,8,N
1641717,Cason,Wallace,2003-11-07,Kentucky,USA,6-3,195,2,22,Guard,1610612760,N,2023,1,10,N
1641718,Keyonte,George,2003-11-08,Baylor,USA,6-4,185,2,3,Guard,1610612762,N,2023,1,16,N
1641720,Jalen,Hood-Schifino,2003-06-19,Indiana,USA,6-5,210,2,17,Guard,1610612755,Y,2023,1,17,N
1641722,Jordan,Hawkins,2002-04-29,Connecticut,USA,6-5,190,2,24,Guard,1610612740,Y,2023,1,14,N
1641723,Kobe,Bufkin,2003-09-21,Michigan,USA,6-4,195,2,4,Guard,1610612737,Y,2023,1,15,N
1641724,Jett,Howard,2003-09-14,Michigan,USA,6-6,215,2,13,Guard,1610612753,Y,2023,1,11,N
1641725,Trey,Alexander,2003-05-02,Creighton,USA,6-4,185,1,23,Guard,1610612743,Y,Undrafted,Undrafted,Undrafted,N
1641726,Dereck,Lively II,2004-02-12,Duke,USA,7-1,230,2,2,Center,1610612742,N,2023,1,12,N
1641727,Dariq,Whitehead,2004-08-01,Duke,USA,6-6,220,2,0,Guard-Forward,1610612751,Y,2023,1,22,N
1641729,Brice,Sensabaugh,2003-10-30,Ohio State,USA,6-5,235,2,28,Forward,1610612762,Y,2023,1,28,N
1641730,Noah,Clowney,2004-07-14,Alabama,USA,6-9,210,2,21,Forward-Center,1610612751,Y,2023,1,21,N
1641731,Bilal,Coulibaly,2004-07-26,Metropolitans 92,France,6-8,195,2,0,Guard,1610612764,N,2023,1,7,N
1641733,Nick,Smith Jr.,2004-04-18,Arkansas,USA,6-2,185,2,8,Guard,1610612766,Y,2023,1,27,N
1641734,Emoni,Bates,2004-01-28,Eastern Michigan,USA,6-8,202,2,21,Forward,1610612739,Y,2023,2,49,N
201988,Patty,Mills,1988-08-11,St. Mary's,Australia,6-2,180,16,88,Guard,1610612746,Y,2009,2,55,N
1641736,Reece,Beekman,2001-10-08,Virginia,USA,6-3,190,1,4,Guard,1610612751,Y,Undrafted,Undrafted,Undrafted,N
1641737,Adem,Bona,2003-03-28,UCLA,Nigeria,6-10,235,1,30,Forward,1610612755,Y,2024,2,41,N
1641738,Kobe,Brown,2000-01-01,Missouri,USA,6-7,250,2,21,Forward,1610612746,Y,2023,1,30,N
1641739,Toumani,Camara,2000-05-08,Dayton,Belgium,6-7,229,2,33,Forward,1610612757,N,2023,2,52,N
1641740,Jaylen,Clark,2001-10-13,UCLA,USA,6-4,205,1,22,Guard,1610612750,Y,2023,2,53,N
1641741,Ricky,Council IV,2001-08-03,Arkansas,USA,6-6,207,2,14,Guard,1610612755,Y,Undrafted,Undrafted,Undrafted,N
1641744,Zach,Edey,2002-05-14,Purdue,Canada,7-4,305,1,14,Center,1610612763,N,2024,1,9,N
1641745,Adam,Flagler,1999-12-01,Baylor,USA,6-3,180,2,14,Guard,1610612760,Y,Undrafted,Undrafted,Undrafted,N
1641748,Andre,Jackson Jr.,2001-11-13,Connecticut,USA,6-6,209,2,44,Guard,1610612749,Y,2023,2,36,N
1641752,Bobi,Klintman,2003-03-06,Cairns,Sweden,6-9,225,1,34,Forward,1610612765,Y,2024,2,37,N
1641755,Kevin,McCullar Jr.,2001-03-15,Kansas,USA,6-6,210,1,9,Guard,1610612752,Y,2024,2,56,N
204060,Joe,Ingles,1987-10-02,Maccabi Tel Aviv,Australia,6-8,220,11,7,Forward-Guard,1610612750,N,Undrafted,Undrafted,Undrafted,N
1641757,Jordan,Miller,2000-01-23,Miami,USA,6-5,194,2,11,Guard,1610612746,Y,2023,2,48,N
1641763,Julian,Phillips,2003-11-05,Tennessee,USA,6-8,198,2,15,Forward,1610612741,Y,2023,2,35,N
1641764,Brandin,Podziemski,2003-02-25,Santa Clara,USA,6-4,205,2,2,Guard,1610612744,Y,2023,1,19,N
1641765,Olivier-Maxence,Prosper,2002-07-03,Marquette,Canada,6-7,230,2,8,Forward,1610612742,Y,2023,1,24,N
1641767,Ben,Sheppard,2001-07-16,Belmont,USA,6-6,190,2,26,Guard,1610612754,Y,2023,1,26,N
1641772,Nae'Qwan,Tomlin,2000-12-19,Memphis,USA,6-10,210,1,30,Forward,1610612739,Y,Undrafted,Undrafted,Undrafted,N
1641774,Tristan,Vukcevic,2003-03-11,Real Madrid,Italy,7-0,220,2,00,Forward,1610612764,Y,2023,2,42,N
1641775,Jordan,Walsh,2004-03-03,Arkansas,USA,6-6,205,2,27,Guard,1610612738,Y,2023,2,38,N
1641779,Jalen,Bridges,2001-05-14,Baylor,USA,6-8,225,1,15,Forward,1610612756,Y,Undrafted,Undrafted,Undrafted,N
1641783,Tristan,da Silva,2001-05-15,Colorado,Germany,6-8,217,1,23,Forward,1610612753,N,2024,1,18,N
1641787,Tosan,Evbuomwan,2001-02-16,Princeton,United Kingdom,6-7,217,2,12,Forward,1610612751,Y,Undrafted,Undrafted,Undrafted,N
1641790,PJ,Hall,2002-02-21,Clemson,USA,6-10,245,1,13,Center,1610612743,Y,Undrafted,Undrafted,Undrafted,N
1641794,Dillon,Jones,2001-10-29,Weber State,USA,6-5,235,1,3,Forward,1610612764,Y,2024,1,26,N
1641796,Pelle,Larsson,2001-02-23,Arizona,Sweden,6-5,215,1,9,Guard,1610612748,Y,2024,2,44,N
1641798,Jaylen,Martin,2004-01-28,Overtime Elite,USA,6-6,216,1,4,Guard,1610612764,Y,Undrafted,Undrafted,Undrafted,N
1641801,Emanuel,Miller,2000-06-19,TCU,Canada,6-7,215,1,20,Forward,1610612741,Y,Undrafted,Undrafted,Undrafted,N
1641803,Tristen,Newton,2001-04-26,Connecticut,USA,6-5,190,1,13,Guard,1610612750,Y,2024,2,49,N
1641809,Drew,Peterson,1999-11-09,Southern California,USA,6-9,205,2,13,Forward,1610612738,Y,Undrafted,Undrafted,Undrafted,N
1641810,Antonio,Reeves,2002-11-20,Kentucky,USA,6-5,205,1,12,Guard,1610612740,Y,2024,2,47,N
202066,Garrett,Temple,1986-05-08,Louisiana State,USA,6-5,195,15,17,Guard-Forward,1610612761,Y,Undrafted,Undrafted,Undrafted,N
1641815,Isaiah,Stevens,2000-11-01,Colorado State,USA,6-0,185,1,,Guard,1610612748,Y,Undrafted,Undrafted,Undrafted,N
1641816,Hunter,Tyson,2000-06-13,Clemson,USA,6-8,215,2,5,Forward,1610612743,Y,2023,2,37,N
1641817,Anton,Watson,2000-10-06,Gonzaga,USA,6-8,225,1,28,Forward,1610612752,Y,2024,2,54,N
1641824,Matas,Buzelis,2004-10-13,NBA G League Ignite,USA,6-10,209,1,14,Forward,1610612741,Y,2024,1,11,N
1641842,Ronald,Holland II,2005-07-07,NBA G League Ignite,USA,6-8,206,1,00,Forward,1610612765,Y,2024,1,5,N
1641854,Craig,Porter Jr.,2000-02-26,Wichita State,USA,6-1,180,2,9,Guard,1610612739,Y,Undrafted,Undrafted,Undrafted,N
1641871,Duop,Reath,1996-06-26,Louisiana State,South Sudan,6-9,245,2,26,Center,1610612757,Y,Undrafted,Undrafted,Undrafted,N
1641878,Damion,Baugh,2000-08-03,TCU,USA,6-4,194,1,7,Guard,1610612766,Y,Undrafted,Undrafted,Undrafted,N
1630543,Isaiah,Jackson,2002-01-10,Kentucky,USA,6-9,205,4,22,Forward,1610612754,Y,2021,1,22,N
1629599,Amir,Coffey,1997-06-17,Minnesota,USA,6-7,210,6,7,Guard-Forward,1610612746,Y,Undrafted,Undrafted,Undrafted,N
1641890,Tyler,Smith,2004-11-02,NBA G League Ignite,USA,6-9,224,1,21,Forward,1610612749,Y,2024,2,33,N
1629610,DaQuan,Jeffries,1997-08-30,Tulsa,USA,6-5,222,6,3,Guard-Forward,1610612766,Y,Undrafted,Undrafted,Undrafted,N
1629611,Terance,Mann,1996-10-18,Florida State,USA,6-5,215,6,14,Guard-Forward,1610612737,Y,2019,2,48,N
1629614,Andrew,Nembhard,2000-01-16,Gonzaga,Canada,6-4,191,3,2,Guard-Forward,1610612754,N,2022,2,31,N
1629618,Jalen,Pickett,1999-10-22,Penn State,USA,6-2,202,2,24,Guard,1610612743,Y,2023,2,32,N
1629622,Max,Strus,1996-03-28,DePaul,USA,6-5,215,6,1,Guard-Forward,1610612739,Y,Undrafted,Undrafted,Undrafted,N
1629626,Bol,Bol,1999-11-16,Oregon,Sudan,7-3,220,6,11,Center-Forward,1610612756,Y,2019,2,44,N
1629627,Zion,Williamson,2000-07-06,Duke,USA,6-6,284,5,1,Forward,1610612740,N,2019,1,1,N
1629628,RJ,Barrett,2000-06-14,Duke,Canada,6-6,214,6,9,Forward-Guard,1610612761,N,2019,1,3,N
1629630,Ja,Morant,1999-08-10,Murray State,USA,6-2,174,6,12,Guard,1610612763,N,2019,1,2,N
1629631,De'Andre,Hunter,1997-12-02,Virginia,USA,6-8,221,6,12,Forward-Guard,1610612739,N,2019,1,4,N
1629632,Coby,White,2000-02-16,North Carolina,USA,6-5,195,6,0,Guard,1610612741,N,2019,1,7,N
1629634,Brandon,Clarke,1996-09-19,Gonzaga,Canada,6-8,215,6,15,Forward,1610612763,N,2019,1,21,N
1629636,Darius,Garland,2000-01-26,Vanderbilt,USA,6-1,192,6,10,Guard,1610612739,N,2019,1,5,N
1629637,Jaxson,Hayes,2000-05-23,Texas,USA,7-0,220,6,11,Center-Forward,1610612747,Y,2019,1,8,N
1629638,Nickeil,Alexander-Walker,1998-09-02,Virginia Tech,Canada,6-5,205,6,9,Guard,1610612750,Y,2019,1,17,N
1629639,Tyler,Herro,2000-01-20,Kentucky,USA,6-5,195,6,14,Guard,1610612748,N,2019,1,13,N
1629640,Keldon,Johnson,1999-10-11,Kentucky,USA,6-5,220,6,0,Forward-Guard,1610612759,Y,2019,1,29,N
1629643,Chuma,Okeke,1998-08-18,Auburn,USA,6-7,229,5,18,Forward,1610612739,Y,2019,1,16,N
1629645,Kevin,Porter Jr.,2000-05-04,Southern California,USA,6-4,203,5,3,Guard-Forward,1610612749,Y,2019,1,30,N
1629646,Charles,Bassey,2000-10-28,Western Kentucky,Nigeria,6-10,230,4,28,Center-Forward,1610612759,Y,2021,2,53,N
1641936,Miles,Norris,2000-04-15,California-Santa Barbara,USA,6-7,220,1,0,Forward,1610612738,Y,Undrafted,Undrafted,Undrafted,N
1629651,Nic,Claxton,1999-04-17,Georgia,USA,6-11,215,6,33,Center,1610612751,Y,2019,2,31,N
1629652,Luguentz,Dort,1999-04-19,Arizona State,Canada,6-4,220,6,5,Guard,1610612760,Y,Undrafted,Undrafted,Undrafted,N
1629655,Daniel,Gafford,1998-10-01,Arkansas,USA,6-10,265,6,21,Forward-Center,1610612742,Y,2019,2,38,N
1629656,Quentin,Grimes,2000-05-08,Houston,USA,6-4,210,4,5,Guard,1610612755,N,2021,1,25,N
1629659,Talen,Horton-Tucker,2000-11-25,Iowa State,USA,6-4,234,6,22,Guard,1610612741,Y,2019,2,46,N
1629660,Ty,Jerome,1997-07-08,Virginia,USA,6-5,195,6,2,Guard-Forward,1610612739,Y,2019,1,24,N
1629661,Cameron,Johnson,1996-03-03,North Carolina,USA,6-8,210,6,2,Forward,1610612751,N,2019,1,11,N
1629673,Jordan,Poole,1999-06-19,Michigan,USA,6-4,194,6,13,Guard,1610612764,Y,2019,1,28,N
1629674,Neemias,Queta,1999-07-13,Utah State,Portugal,7-0,248,4,88,Center,1610612738,Y,2021,2,39,N
1629675,Naz,Reid,1999-08-26,Louisiana State,USA,6-9,264,6,11,Center-Forward,1610612750,Y,Undrafted,Undrafted,Undrafted,N
1629680,Matisse,Thybulle,1997-03-04,Washington,USA,6-5,201,6,4,Guard-Forward,1610612757,N,2019,1,20,N
1629684,Grant,Williams,1998-11-30,Tennessee,USA,6-6,236,6,2,Forward,1610612766,N,2019,1,22,N
1641989,Elijah,Harkless,2000-02-03,UNLV,USA,6-3,195,1,16,Guard,1610612762,Y,Undrafted,Undrafted,Undrafted,N
1641998,Trey,Jemison III,1999-11-28,Alabama-Birmingham,USA,6-11,270,2,55,Center,1610612747,Y,Undrafted,Undrafted,Undrafted,N
1629723,John,Konchar,1996-03-22,Indiana-Purdue Fort Wayne,USA,6-5,210,6,46,Guard,1610612763,Y,Undrafted,Undrafted,Undrafted,N
1629726,Garrison,Mathews,1996-10-24,Lipscomb,USA,6-6,215,6,24,Guard,1610612737,Y,Undrafted,Undrafted,Undrafted,N
1629731,Dean,Wade,1996-11-20,Kansas State,USA,6-9,228,6,32,Forward-Center,1610612739,Y,Undrafted,Undrafted,Undrafted,N
1642024,Alex,Reese,1999-05-21,Alabama,USA,6-9,245,1,65,Forward-Center,1610612755,Y,Undrafted,Undrafted,Undrafted,N
1630166,Deni,Avdija,2001-01-03,Maccabi Tel Aviv,Israel,6-9,240,5,8,Forward,1610612757,N,2020,1,9,N
1629750,Javonte,Green,1993-07-23,Radford,USA,6-5,205,6,8,Guard,1610612739,Y,Undrafted,Undrafted,Undrafted,N
1642050,Jackson,Rowe,1997-01-04,California State-Fullerton,Canada,6-7,210,1,44,Forward,1610612744,Y,Undrafted,Undrafted,Undrafted,N
1627732,Ben,Simmons,1996-07-20,Louisiana State,Australia,6-10,240,7,25,Guard-Forward,1610612746,N,2016,1,1,N
1627734,Domantas,Sabonis,1996-05-03,Gonzaga,Lithuania,6-10,240,9,11,Forward-Center,1610612758,N,2016,1,11,N
1627736,Malik,Beasley,1996-11-26,Florida State,USA,6-4,187,9,5,Guard,1610612765,Y,2016,1,19,N
1627739,Kris,Dunn,1994-03-18,Providence,USA,6-3,205,9,8,Guard,1610612746,Y,2016,1,5,N
202331,Paul,George,1990-05-02,Fresno State,USA,6-8,220,15,8,Forward,1610612755,N,2010,1,10,N
1627741,Buddy,Hield,1992-12-17,Oklahoma,Bahamas,6-4,220,9,7,Guard,1610612744,N,2016,1,6,N
1627742,Brandon,Ingram,1997-09-02,Duke,USA,6-8,190,9,3,Forward,1610612761,N,2016,1,2,N
1627747,Caris,LeVert,1994-08-25,Michigan,USA,6-6,205,9,3,Guard,1610612737,N,2016,1,20,N
1627749,Dejounte,Murray,1996-09-19,Washington,USA,6-4,180,8,5,Guard,1610612740,Y,2016,1,29,N
1627750,Jamal,Murray,1997-02-23,Kentucky,Canada,6-4,215,8,27,Guard,1610612743,N,2016,1,7,N
1627751,Jakob,Poeltl,1995-10-15,Utah,Austria,7-0,260,9,19,Center,1610612761,Y,2016,1,9,N
1627752,Taurean,Prince,1994-03-22,Baylor,USA,6-6,218,9,12,Forward,1610612749,Y,2016,1,12,N
1627759,Jaylen,Brown,1996-10-24,California,USA,6-6,223,9,7,Guard-Forward,1610612738,N,2016,1,3,N
1627763,Malcolm,Brogdon,1992-12-11,Virginia,USA,6-4,229,9,15,Guard,1610612764,N,2016,2,36,N
1627777,Georges,Niang,1993-06-17,Iowa State,USA,6-7,230,9,20,Forward,1610612737,Y,2016,2,50,N
1627780,Gary,Payton II,1992-12-01,Oregon State,USA,6-2,195,9,0,Guard,1610612744,Y,Undrafted,Undrafted,Undrafted,N
1627783,Pascal,Siakam,1994-04-02,New Mexico State,Cameroon,6-8,245,9,43,Forward,1610612754,Y,2016,1,27,N
1627814,Damion,Lee,1992-10-21,Drexel,USA,6-6,210,7,10,Guard-Forward,1610612756,Y,Undrafted,Undrafted,Undrafted,N
204456,T.J.,McConnell,1992-03-25,Arizona,USA,6-1,190,10,9,Guard,1610612754,N,2015,0,,N
1627824,Guerschon,Yabusele,1995-12-17,"Rouen, France",France,6-8,265,3,28,Forward,1610612755,Y,2016,1,16,N
1627826,Ivica,Zubac,1997-03-18,Mega Basket,Croatia,7-0,240,9,40,Center,1610612746,Y,2016,2,32,N
1627827,Dorian,Finney-Smith,1993-05-04,Florida,USA,6-7,220,9,17,Forward,1610612747,N,Undrafted,Undrafted,Undrafted,N
1627832,Fred,VanVleet,1994-02-25,Wichita State,USA,6-0,197,9,5,Guard,1610612745,Y,Undrafted,Undrafted,Undrafted,N
1627884,Derrick,Jones Jr.,1997-02-15,UNLV,USA,6-6,210,9,55,Forward,1610612746,Y,Undrafted,Undrafted,Undrafted,N
1642258,Zaccharie,Risacher,2005-04-08,JL Bourg-en-Bresse,France,6-8,200,1,10,Forward,1610612737,N,2024,1,1,N
1642259,Alex,Sarr,2005-04-26,Perth,France,7-0,205,1,20,Center,1610612764,N,2024,1,2,N
1642261,Dalton,Knecht,2001-04-19,Tennessee,USA,6-6,215,1,4,Forward,1610612747,N,2024,1,17,N
1642262,Cody,Williams,2004-11-20,Colorado,USA,6-7,190,1,5,Forward,1610612762,Y,2024,1,10,N
1642263,Reed,Sheppard,2004-06-24,Kentucky,USA,6-2,185,1,15,Guard,1610612745,Y,2024,1,3,N
1642264,Stephon,Castle,2004-11-01,Connecticut,USA,6-6,215,1,5,Guard,1610612759,N,2024,1,4,N
1642265,Rob,Dillingham,2005-01-04,Kentucky,USA,6-3,175,1,4,Guard,1610612750,Y,2024,1,8,N
1642266,Ja'Kobe,Walter,2004-09-04,Baylor,USA,6-5,180,1,14,Guard,1610612761,Y,2024,1,19,N
1642267,Bub,Carrington,2005-07-21,Pittsburgh,USA,6-4,190,1,8,Guard,1610612764,N,2024,1,14,N
1642268,Isaiah,Collier,2004-10-08,Southern California,USA,6-3,210,1,13,Guard,1610612762,Y,2024,1,29,N
1642269,Devin,Carter,2002-03-18,Providence,USA,6-2,195,1,22,Guard,1610612758,Y,2024,1,13,N
1642270,Donovan,Clingan,2004-02-23,Connecticut,USA,7-2,280,1,23,Center,1610612757,N,2024,1,7,N
1642271,Kyle,Filipowski,2003-11-07,Duke,USA,6-11,250,1,22,Center,1610612762,Y,2024,2,32,N
1627936,Alex,Caruso,1994-02-28,Texas A&M,USA,6-5,186,8,9,Guard,1610612760,Y,Undrafted,Undrafted,Undrafted,N
1642273,Kyshawn,George,2003-12-12,Miami,Switzerland,6-8,200,1,18,Forward,1610612764,N,2024,1,24,N
1642274,Yves,Missi,2004-05-14,Baylor,Cameroon,6-11,235,1,21,Center,1610612740,N,2024,1,21,N
1642275,Tidjane,Salaün,2005-08-10,Cholet,France,6-8,207,1,31,Forward,1610612766,Y,2024,1,6,N
1642276,Kel'el,Ware,2004-04-20,Indiana,USA,7-0,230,1,7,Center,1610612748,Y,2024,1,15,N
1642277,Johnny,Furphy,2004-12-08,Kansas,Australia,6-9,200,1,12,Guard,1610612754,Y,2024,2,35,N
1642278,Tyler,Kolek,2001-03-27,Marquette,USA,6-3,195,1,13,Guard,1610612752,Y,2024,2,34,N
1642279,Ulrich,Chomche,2005-12-30,NBA Global Academy,Cameroon,6-11,235,1,22,Center,1610612761,Y,2024,2,57,N
1642280,Trentyn,Flowers,2005-03-08,Adelaide,USA,6-9,185,1,9,Forward,1610612746,Y,Undrafted,Undrafted,Undrafted,N
1642281,Jaylon,Tyson,2002-12-02,California,USA,6-6,215,1,24,Guard-Forward,1610612739,Y,2024,1,20,N
1642285,Cam,Spencer,2000-04-06,Connecticut,USA,6-4,205,1,24,Guard,1610612763,Y,2024,2,53,N
1642345,Oso,Ighodaro,2002-07-14,Marquette,USA,7-0,235,1,4,Forward,1610612756,Y,2024,2,40,N
1642346,Ryan,Dunn,2003-01-07,Virginia,USA,6-8,216,1,0,Forward,1610612756,N,2024,1,28,N
1642347,Jamal,Shead,2002-07-24,Houston,USA,6-1,200,1,23,Guard,1610612761,Y,2024,2,45,N
1642348,Justin,Edwards,2003-12-16,Kentucky,USA,6-7,203,1,19,Forward,1610612755,Y,Undrafted,Undrafted,Undrafted,N
1642349,Ajay,Mitchell,2002-06-25,California-Santa Barbara,Belgium,6-5,190,1,25,Guard,1610612760,N,2024,2,38,N
1642352,Keshad,Johnson,2001-06-23,Arizona,USA,6-7,225,1,16,Forward,1610612748,Y,Undrafted,Undrafted,Undrafted,N
1642353,Cam,Christie,2005-07-24,Minnesota,USA,6-6,190,1,12,Guard,1610612746,Y,2024,2,46,N
1642354,KJ,Simpson,2002-08-08,Colorado,USA,6-0,189,1,25,Guard,1610612766,Y,2024,2,42,N
1642355,Bronny,James,2004-10-06,Southern California,USA,6-3,210,1,9,Guard,1610612747,Y,2024,2,55,N
1642358,AJ,Johnson,2004-12-01,Illawarra,USA,6-5,160,1,5,Guard,1610612764,Y,2024,1,23,N
1642359,Pacôme,Dadiet,2005-07-27,Ratiopharm Ulm,France,6-8,210,1,4,Forward,1610612752,Y,2024,1,25,N
1642366,Quinten,Post,2000-03-21,Boston College,Netherlands,7-0,238,1,21,Center,1610612744,Y,2024,2,52,N
1642367,Jonathan,Mogbo,2001-10-29,San Francisco,USA,6-9,225,1,2,Forward,1610612761,Y,2024,2,31,N
1642368,N'Faly,Dante,2001-10-19,Oregon,Mali,6-11,230,1,3,Center,1610612745,Y,Undrafted,Undrafted,Undrafted,N
1642377,Jaylen,Wells,2003-08-26,Washington State,USA,6-8,,1,0,Forward,1610612763,N,2024,2,39,N
1642382,Branden,Carlson,1999-06-14,Utah,USA,7-0,220,1,15,Center,1610612760,Y,Undrafted,Undrafted,Undrafted,N
1642384,Isaiah,Crawford,2001-11-01,Louisiana Tech,USA,6-6,220,1,24,Forward,1610612758,Y,Undrafted,Undrafted,Undrafted,N
1642389,Zyon,Pullin,2001-03-03,Florida,USA,6-4,206,1,,Guard,1610612763,Y,Undrafted,Undrafted,Undrafted,N
1642399,Jesse,Edwards,2000-03-18,West Virginia,Netherlands,7-0,236,1,14,Center,1610612750,Y,Undrafted,Undrafted,Undrafted,N
1642402,Enrique,Freeman,2000-07-29,Akron,USA,6-7,220,1,8,Forward,1610612754,Y,2024,2,50,N
1642403,Isaac,Jones,2000-07-11,Washington State,USA,6-9,245,1,3,Forward,1610612758,Y,Undrafted,Undrafted,Undrafted,N
1642419,Jamison,Battle,2001-05-10,Ohio State,USA,6-7,220,1,77,Forward,1610612761,Y,Undrafted,Undrafted,Undrafted,N
202681,Kyrie,Irving,1992-03-23,Duke,Australia,6-2,195,14,11,Guard,1610612742,N,2011,1,1,N
202684,Tristan,Thompson,1991-03-13,Texas-Austin,Canada,6-9,254,14,13,Center-Forward,1610612739,N,2011,1,4,N
202685,Jonas,Valančiūnas,1992-05-06,Lietuvos rytas Vilnius,Lithuania,6-11,265,13,17,Center,1610612758,N,2011,1,5,N
202687,Bismack,Biyombo,1992-08-28,Baloncesto Fuenlabrada,DRC,6-8,255,14,15,Center,1610612759,N,2011,1,7,N
1642434,Riley,Minix,2000-09-22,Morehead State,USA,6-7,230,1,27,Forward,1610612759,Y,Undrafted,Undrafted,Undrafted,N
202691,Klay,Thompson,1990-02-08,Washington State,USA,6-5,220,12,31,Guard,1610612742,N,2011,1,11,N
202692,Alec,Burks,1991-07-20,Colorado,USA,6-5,214,14,18,Guard,1610612748,Y,2011,1,12,N
202693,Markieff,Morris,1989-09-02,Kansas,USA,6-9,245,14,88,Forward,1610612747,N,2011,1,13,N
202695,Kawhi,Leonard,1991-06-29,San Diego State,USA,6-7,225,13,2,Forward,1610612746,N,2011,1,15,Y
202696,Nikola,Vučević,1990-10-24,Southern California,Montenegro,6-10,260,14,9,Center,1610612741,N,2011,1,16,N
1642443,Jahmir,Young,2000-10-07,Maryland,USA,6-1,185,1,11,Guard,1610612741,Y,Undrafted,Undrafted,Undrafted,N
202699,Tobias,Harris,1992-07-15,Tennessee,USA,6-8,226,14,12,Forward,1610612765,N,2011,1,19,N
1642449,Tolu,Smith,2000-07-26,Mississippi State,USA,6-11,,1,35,Forward,1610612765,Y,Undrafted,Undrafted,Undrafted,N
1642450,Daniss,Jenkins,2001-08-17,St. John's,USA,6-3,165,1,24,Guard,1610612765,Y,Undrafted,Undrafted,Undrafted,N
1630162,Anthony,Edwards,2001-08-05,Georgia,USA,6-4,225,5,5,Guard,1610612750,N,2020,1,1,N
1630163,LaMelo,Ball,2001-08-22,Illawarra,USA,6-7,180,5,1,Guard,1610612766,N,2020,1,3,N
202709,Cory,Joseph,1991-08-20,Texas,Canada,6-2,200,14,10,Guard,1610612753,Y,2011,1,29,N
202710,Jimmy,Butler III,1989-09-14,Marquette,USA,6-7,230,14,10,Forward,1610612744,N,2011,1,30,N
1630167,Obi,Toppin,1998-03-04,Dayton,USA,6-9,220,5,1,Forward,1610612754,N,2020,1,8,N
1630168,Onyeka,Okongwu,2000-12-11,Southern California,USA,6-10,240,5,17,Forward-Center,1610612737,Y,2020,1,6,N
1630169,Tyrese,Haliburton,2000-02-29,Iowa State,USA,6-5,185,5,0,Guard,1610612754,N,2020,1,12,N
1630170,Devin,Vassell,2000-08-23,Florida State,USA,6-5,200,5,24,Guard-Forward,1610612759,N,2020,1,11,N
1630171,Isaac,Okoro,2001-01-26,Auburn,USA,6-5,225,5,35,Forward-Guard,1610612739,N,2020,1,5,N
1630172,Patrick,Williams,2001-08-26,Florida State,USA,6-7,215,5,44,Forward,1610612741,N,2020,1,4,N
1630173,Precious,Achiuwa,1999-09-19,Memphis,Nigeria,6-8,243,5,5,Forward,1610612752,N,2020,1,20,N
1630174,Aaron,Nesmith,1999-10-16,Vanderbilt,USA,6-6,215,5,23,Guard-Forward,1610612754,Y,2020,1,14,N
1630175,Cole,Anthony,2000-05-15,North Carolina,USA,6-2,185,5,50,Guard,1610612763,N,2020,1,15,N
1642461,Spencer,Jones,2001-06-14,Stanford,USA,6-7,225,1,21,Forward,1610612743,Y,Undrafted,Undrafted,Undrafted,N
1630178,Tyrese,Maxey,2000-11-04,Kentucky,USA,6-2,200,5,0,Guard,1610612755,N,2020,1,21,N
1630182,Josh,Green,2000-11-16,Arizona,Australia,6-5,200,5,10,Guard,1610612766,Y,2020,1,18,N
1630183,Jaden,McDaniels,2000-09-29,Washington,USA,6-9,185,5,3,Forward,1610612750,N,2020,1,28,N
1630188,Jalen,Smith,2000-03-16,Maryland,USA,6-9,215,5,7,Forward-Center,1610612741,Y,2020,1,10,N
1630191,Isaiah,Stewart,2001-05-22,Washington,USA,6-8,250,5,28,Forward-Center,1610612765,N,2020,1,16,N
1630192,Zeke,Nnaji,2001-01-09,Arizona,USA,6-9,240,5,22,Forward-Center,1610612743,N,2020,1,22,N
1630193,Immanuel,Quickley,1999-06-17,Kentucky,USA,6-2,190,5,5,Guard,1610612761,N,2020,1,25,N
1630194,Paul,Reed,1999-06-14,DePaul,USA,6-9,210,5,7,Forward,1610612765,Y,2020,2,58,N
1642484,RayJ,Dennis,2001-03-30,Baylor,USA,6-2,180,1,10,Guard,1610612754,Y,Undrafted,Undrafted,Undrafted,N
1630198,Isaiah,Joe,1999-07-02,Arkansas,USA,6-3,165,5,11,Guard,1610612760,Y,2020,2,49,N
1630200,Tre,Jones,2000-01-08,Duke,USA,6-1,185,5,30,Guard,1610612741,Y,2020,2,41,N
1630202,Payton,Pritchard,1998-01-28,Oregon,USA,6-1,195,5,11,Guard,1610612738,N,2020,1,26,N
1630205,Lamar,Stevens,1997-07-09,Penn State,USA,6-7,230,5,8,Forward,1610612763,Y,Undrafted,Undrafted,Undrafted,N
